category,warmup,ms,request_id,actor,host,epoch,expected,result,startedAt,completedAt,host_duration_ms,host_queue_wait_ms,startup_ms,resolution_ms
cold_write,True,346.71799999999996,cab547c4-7ac0-492b-aa72-01a07f8d3db7,live-1790700541150-increment-0,host.v3.cfg.mwzMSMFtQBExQlrglWhKVdh8anVT8PtqLYaIyFo_uE4.d76aa24e-d0e0-4014-85d2-577011eac563,1,1,1,1790700541809,1790700542156,9.405891,0.16108,174.992763,206.17658
hot_write,True,118.38225000000011,4df2eb50-1c8f-4871-be9d-4637bfbbf360,live-1790700541150-increment-0,host.v3.cfg.mwzMSMFtQBExQlrglWhKVdh8anVT8PtqLYaIyFo_uE4.d76aa24e-d0e0-4014-85d2-577011eac563,1,2,2,1790700543362,1790700543481,6.921041,0.09146,,
hot_read,True,155.54087500000014,939b9a7d-df47-4b7a-9c7b-95171f7b974a,live-1790700541150-increment-0,host.v3.cfg.mwzMSMFtQBExQlrglWhKVdh8anVT8PtqLYaIyFo_uE4.d76aa24e-d0e0-4014-85d2-577011eac563,1,2,2,1790700543481,1790700543637,1.38064,0.05422,,
hot_write,True,71.92041599999993,2476df51-7fa9-405e-b02b-6d8b2bbea239,live-1790700541150-increment-0,host.v3.cfg.mwzMSMFtQBExQlrglWhKVdh8anVT8PtqLYaIyFo_uE4.d76aa24e-d0e0-4014-85d2-577011eac563,1,3,3,1790700543637,1790700543709,7.080890999999999,0.07239000000000001,,
hot_read,True,51.94337499999983,23f3b70d-5c6a-4ccd-9717-605110cc7cb6,live-1790700541150-increment-0,host.v3.cfg.mwzMSMFtQBExQlrglWhKVdh8anVT8PtqLYaIyFo_uE4.d76aa24e-d0e0-4014-85d2-577011eac563,1,3,3,1790700543709,1790700543761,2.20523,0.08928,,
hot_write,True,45.948709000000235,5c16b165-0f97-4bf3-b1aa-e5d782279aa0,live-1790700541150-increment-0,host.v3.cfg.mwzMSMFtQBExQlrglWhKVdh8anVT8PtqLYaIyFo_uE4.d76aa24e-d0e0-4014-85d2-577011eac563,1,4,4,1790700543762,1790700543808,6.173361,0.06613000000000001,,
hot_read,True,111.70699999999988,b6037981-6700-4995-9e9f-53b555b6447b,live-1790700541150-increment-0,host.v3.cfg.mwzMSMFtQBExQlrglWhKVdh8anVT8PtqLYaIyFo_uE4.d76aa24e-d0e0-4014-85d2-577011eac563,1,4,4,1790700543808,1790700543920,1.92353,0.067399,,
hot_write,True,99.28070799999978,38fceb03-2015-4a20-b9d3-a8041efce333,live-1790700541150-increment-0,host.v3.cfg.mwzMSMFtQBExQlrglWhKVdh8anVT8PtqLYaIyFo_uE4.d76aa24e-d0e0-4014-85d2-577011eac563,1,5,5,1790700543920,1790700544019,7.287111,0.08628,,
hot_read,True,41.178709000000254,bd605579-6ff8-4d3d-b078-562aa2287fe0,live-1790700541150-increment-0,host.v3.cfg.mwzMSMFtQBExQlrglWhKVdh8anVT8PtqLYaIyFo_uE4.d76aa24e-d0e0-4014-85d2-577011eac563,1,5,5,1790700544020,1790700544061,2.1133200000000003,0.07412,,
hot_write,True,166.79858300000024,0065f715-7963-4bdc-852f-2b6018c383c1,live-1790700541150-increment-0,host.v3.cfg.mwzMSMFtQBExQlrglWhKVdh8anVT8PtqLYaIyFo_uE4.d76aa24e-d0e0-4014-85d2-577011eac563,1,6,6,1790700544061,1790700544228,6.067311,0.08054,,
hot_read,True,42.16816700000027,e7844289-8ccd-4472-bd2b-a81b5f8ae4a6,live-1790700541150-increment-0,host.v3.cfg.mwzMSMFtQBExQlrglWhKVdh8anVT8PtqLYaIyFo_uE4.d76aa24e-d0e0-4014-85d2-577011eac563,1,6,6,1790700544229,1790700544271,1.33565,0.0922,,
cold_read,True,300.32766699999956,cca70fe5-8917-415f-aa19-7d7763850404,live-1790700541150-read-0,host.v3.cfg.mwzMSMFtQBExQlrglWhKVdh8anVT8PtqLYaIyFo_uE4.086288fa-1b74-4e63-bcec-47af975f118d,1,0,0,1790700545316,1790700545616,11.213385,0.10078,175.93145600000003,208.88114399999998
hot_write,True,124.74070799999936,75493346-12d2-40c2-a71f-6a66bd0c37fa,live-1790700541150-read-0,host.v3.cfg.mwzMSMFtQBExQlrglWhKVdh8anVT8PtqLYaIyFo_uE4.086288fa-1b74-4e63-bcec-47af975f118d,1,1,1,1790700546967,1790700547091,7.772867,0.40724,,
hot_read,True,510.53129199999967,5cde5c27-9ad0-437d-9e1b-f332dfe81531,live-1790700541150-read-0,host.v3.cfg.mwzMSMFtQBExQlrglWhKVdh8anVT8PtqLYaIyFo_uE4.086288fa-1b74-4e63-bcec-47af975f118d,1,1,1,1790700547092,1790700547602,2.745528,0.111119,,
hot_write,True,64.0868330000003,9774faa0-ea11-4ff0-b19a-06d84563fc0a,live-1790700541150-read-0,host.v3.cfg.mwzMSMFtQBExQlrglWhKVdh8anVT8PtqLYaIyFo_uE4.086288fa-1b74-4e63-bcec-47af975f118d,1,2,2,1790700547603,1790700547667,7.308946000000001,0.059809999999999995,,
hot_read,True,35.42133300000023,70c82fa3-97bf-4e7f-8720-a05dd739f4ea,live-1790700541150-read-0,host.v3.cfg.mwzMSMFtQBExQlrglWhKVdh8anVT8PtqLYaIyFo_uE4.086288fa-1b74-4e63-bcec-47af975f118d,1,2,2,1790700547667,1790700547703,1.358,0.052030999999999994,,
hot_write,True,37.86687500000062,690d77ac-fbab-4bc5-b5b0-ecbd9f98741a,live-1790700541150-read-0,host.v3.cfg.mwzMSMFtQBExQlrglWhKVdh8anVT8PtqLYaIyFo_uE4.086288fa-1b74-4e63-bcec-47af975f118d,1,3,3,1790700547703,1790700547741,5.825597,0.055849,,
hot_read,True,44.638458000000355,e9baa157-c068-4a87-9928-8825c6b473d4,live-1790700541150-read-0,host.v3.cfg.mwzMSMFtQBExQlrglWhKVdh8anVT8PtqLYaIyFo_uE4.086288fa-1b74-4e63-bcec-47af975f118d,1,3,3,1790700547741,1790700547785,1.23716,0.07893,,
hot_write,True,146.168541,ccf1b82f-c336-4d4f-8395-b7135671cf92,live-1790700541150-read-0,host.v3.cfg.mwzMSMFtQBExQlrglWhKVdh8anVT8PtqLYaIyFo_uE4.086288fa-1b74-4e63-bcec-47af975f118d,1,4,4,1790700547786,1790700547932,6.366217000000001,0.07176,,
hot_read,True,35.62141700000029,33d97217-7471-424e-86c9-92ee51a3dd86,live-1790700541150-read-0,host.v3.cfg.mwzMSMFtQBExQlrglWhKVdh8anVT8PtqLYaIyFo_uE4.086288fa-1b74-4e63-bcec-47af975f118d,1,4,4,1790700547932,1790700547968,1.40603,0.0863,,
hot_write,True,63.61199999999917,293ce0e0-c176-4c53-af81-52a42f420853,live-1790700541150-read-0,host.v3.cfg.mwzMSMFtQBExQlrglWhKVdh8anVT8PtqLYaIyFo_uE4.086288fa-1b74-4e63-bcec-47af975f118d,1,5,5,1790700547968,1790700548032,6.136417,0.06293,,
hot_read,True,76.02087500000016,5a0a83a3-832f-444d-a292-a945a152a37f,live-1790700541150-read-0,host.v3.cfg.mwzMSMFtQBExQlrglWhKVdh8anVT8PtqLYaIyFo_uE4.086288fa-1b74-4e63-bcec-47af975f118d,1,5,5,1790700548032,1790700548108,1.41391,0.07382,,
cold_write,True,349.1329999999998,0b31bac7-4de2-4939-af53-894310a52c98,live-1790700541150-increment-1,host.v3.cfg.mwzMSMFtQBExQlrglWhKVdh8anVT8PtqLYaIyFo_uE4.67afb586-4d6d-42f8-805b-c94bfd346117,1,1,1,1790700549350,1790700549699,8.345996,0.05989,125.64374000000001,163.33835
hot_write,True,50.692291000001205,c4a4b135-f352-42dc-88f9-989541cf640e,live-1790700541150-increment-1,host.v3.cfg.mwzMSMFtQBExQlrglWhKVdh8anVT8PtqLYaIyFo_uE4.67afb586-4d6d-42f8-805b-c94bfd346117,1,2,2,1790700551081,1790700551132,6.387457,0.06971,,
hot_read,True,70.8547499999986,df4fa535-d250-47a1-a7f9-178abfc028ce,live-1790700541150-increment-1,host.v3.cfg.mwzMSMFtQBExQlrglWhKVdh8anVT8PtqLYaIyFo_uE4.67afb586-4d6d-42f8-805b-c94bfd346117,1,2,2,1790700551132,1790700551203,1.679399,0.062689,,
hot_write,True,60.808624999999665,48710164-382d-4bf8-93cb-76cd86310263,live-1790700541150-increment-1,host.v3.cfg.mwzMSMFtQBExQlrglWhKVdh8anVT8PtqLYaIyFo_uE4.67afb586-4d6d-42f8-805b-c94bfd346117,1,3,3,1790700551204,1790700551264,6.841137,0.061439999999999995,,
hot_read,True,52.949791999999434,3d74f1b3-eeba-49e8-adfe-f7d00c949860,live-1790700541150-increment-1,host.v3.cfg.mwzMSMFtQBExQlrglWhKVdh8anVT8PtqLYaIyFo_uE4.67afb586-4d6d-42f8-805b-c94bfd346117,1,3,3,1790700551265,1790700551318,1.54347,0.13135999999999998,,
hot_write,True,222.68054200000006,113cb720-be64-4b60-8249-4b51e6b311a1,live-1790700541150-increment-1,host.v3.cfg.mwzMSMFtQBExQlrglWhKVdh8anVT8PtqLYaIyFo_uE4.67afb586-4d6d-42f8-805b-c94bfd346117,1,4,4,1790700551318,1790700551541,6.343267,0.10086,,
hot_read,True,57.65099999999984,ab1402e2-7d9c-47c6-8784-58197371c7c8,live-1790700541150-increment-1,host.v3.cfg.mwzMSMFtQBExQlrglWhKVdh8anVT8PtqLYaIyFo_uE4.67afb586-4d6d-42f8-805b-c94bfd346117,1,4,4,1790700551541,1790700551598,1.4408,0.06912,,
hot_write,True,38.085917000000336,dd723b25-ecb5-4681-8fb8-ee43a47e5809,live-1790700541150-increment-1,host.v3.cfg.mwzMSMFtQBExQlrglWhKVdh8anVT8PtqLYaIyFo_uE4.67afb586-4d6d-42f8-805b-c94bfd346117,1,5,5,1790700551599,1790700551637,5.885297,0.09379,,
hot_read,True,79.6672499999986,718d66f4-d842-401a-9774-1958f4c04e13,live-1790700541150-increment-1,host.v3.cfg.mwzMSMFtQBExQlrglWhKVdh8anVT8PtqLYaIyFo_uE4.67afb586-4d6d-42f8-805b-c94bfd346117,1,5,5,1790700551637,1790700551717,1.36434,0.05838,,
hot_write,True,39.07916600000135,f558015d-f34e-449a-b6aa-7029ae31e9e9,live-1790700541150-increment-1,host.v3.cfg.mwzMSMFtQBExQlrglWhKVdh8anVT8PtqLYaIyFo_uE4.67afb586-4d6d-42f8-805b-c94bfd346117,1,6,6,1790700551717,1790700551756,5.899757,0.07061,,
hot_read,True,65.57304100000147,d66657b3-7803-4ce5-b7ed-961f6d38f198,live-1790700541150-increment-1,host.v3.cfg.mwzMSMFtQBExQlrglWhKVdh8anVT8PtqLYaIyFo_uE4.67afb586-4d6d-42f8-805b-c94bfd346117,1,6,6,1790700551756,1790700551822,1.56236,0.0838,,
cold_read,True,363.6187090000003,6f2ff156-18c3-4665-8268-51220826d295,live-1790700541150-read-1,host.v3.cfg.mwzMSMFtQBExQlrglWhKVdh8anVT8PtqLYaIyFo_uE4.a68917e3-be7f-4efd-a28d-9276e5c87c67,1,0,0,1790700552917,1790700553281,9.076291,0.07292,225.44546,249.95711400000002
hot_write,True,58.90779199999997,1378cdb2-5e3a-4acb-a092-40fb42e08bde,live-1790700541150-read-1,host.v3.cfg.mwzMSMFtQBExQlrglWhKVdh8anVT8PtqLYaIyFo_uE4.a68917e3-be7f-4efd-a28d-9276e5c87c67,1,1,1,1790700554586,1790700554644,7.58265,0.2362,,
hot_read,True,90.38875000000007,f9516125-5411-40d7-931c-a1ae56244a95,live-1790700541150-read-1,host.v3.cfg.mwzMSMFtQBExQlrglWhKVdh8anVT8PtqLYaIyFo_uE4.a68917e3-be7f-4efd-a28d-9276e5c87c67,1,1,1,1790700554645,1790700554735,1.4330809999999998,0.07135,,
hot_write,True,48.305208000001585,6ea17ba2-747a-4b2e-bb97-b4cdfb79e618,live-1790700541150-read-1,host.v3.cfg.mwzMSMFtQBExQlrglWhKVdh8anVT8PtqLYaIyFo_uE4.a68917e3-be7f-4efd-a28d-9276e5c87c67,1,2,2,1790700554736,1790700554784,6.902221,0.10393,,
hot_read,True,47.06391699999949,85be041f-8396-4e09-82b4-9aa7c681ec51,live-1790700541150-read-1,host.v3.cfg.mwzMSMFtQBExQlrglWhKVdh8anVT8PtqLYaIyFo_uE4.a68917e3-be7f-4efd-a28d-9276e5c87c67,1,2,2,1790700554784,1790700554831,1.38786,0.08738,,
hot_write,True,61.696749999999156,f66b10cd-f3e2-45f0-a558-b53a646045c9,live-1790700541150-read-1,host.v3.cfg.mwzMSMFtQBExQlrglWhKVdh8anVT8PtqLYaIyFo_uE4.a68917e3-be7f-4efd-a28d-9276e5c87c67,1,3,3,1790700554832,1790700554894,6.286481,0.07608000000000001,,
hot_read,True,49.08012499999859,17eb7b49-1633-459e-9d04-2b3fde0c5c88,live-1790700541150-read-1,host.v3.cfg.mwzMSMFtQBExQlrglWhKVdh8anVT8PtqLYaIyFo_uE4.a68917e3-be7f-4efd-a28d-9276e5c87c67,1,3,3,1790700554894,1790700554943,1.672001,0.07886,,
hot_write,True,75.10662500000035,ff36f4bf-58a1-42e6-b4ee-f12e44f592d8,live-1790700541150-read-1,host.v3.cfg.mwzMSMFtQBExQlrglWhKVdh8anVT8PtqLYaIyFo_uE4.a68917e3-be7f-4efd-a28d-9276e5c87c67,1,4,4,1790700554944,1790700555019,7.254361,0.07344,,
hot_read,True,131.04479199999878,bbaed93a-be7b-448b-b9b1-5d0f428983f3,live-1790700541150-read-1,host.v3.cfg.mwzMSMFtQBExQlrglWhKVdh8anVT8PtqLYaIyFo_uE4.a68917e3-be7f-4efd-a28d-9276e5c87c67,1,4,4,1790700555019,1790700555150,1.4834500000000002,0.0585,,
hot_write,True,129.0661250000012,c08f6848-f149-43b3-abad-68c239e62459,live-1790700541150-read-1,host.v3.cfg.mwzMSMFtQBExQlrglWhKVdh8anVT8PtqLYaIyFo_uE4.a68917e3-be7f-4efd-a28d-9276e5c87c67,1,5,5,1790700555151,1790700555280,5.767310999999999,0.08347,,
hot_read,True,45.5619170000009,fd74ee4a-64ca-4114-8a18-9b9eb76a9207,live-1790700541150-read-1,host.v3.cfg.mwzMSMFtQBExQlrglWhKVdh8anVT8PtqLYaIyFo_uE4.a68917e3-be7f-4efd-a28d-9276e5c87c67,1,5,5,1790700555281,1790700555326,1.74461,0.0948,,
cold_write,False,233.19375000000036,5c40d7a2-5dbc-430f-a803-e11fc4d215c5,live-1790700541150-increment-2,host.v3.cfg.mwzMSMFtQBExQlrglWhKVdh8anVT8PtqLYaIyFo_uE4.05e58f4d-be26-44e7-bd62-ca25a8845a68,1,1,1,1790700556299,1790700556532,13.787304,0.08220000000000001,143.64414200000002,180.631144
hot_write,False,39.21849999999904,66ca27fa-530d-46ed-82c9-4be96c4aae53,live-1790700541150-increment-2,host.v3.cfg.mwzMSMFtQBExQlrglWhKVdh8anVT8PtqLYaIyFo_uE4.05e58f4d-be26-44e7-bd62-ca25a8845a68,1,2,2,1790700557405,1790700557444,6.366906,0.064119,,
hot_read,False,38.952541000000565,5f86889d-1034-4ffb-ad9e-11fc3f2858d3,live-1790700541150-increment-2,host.v3.cfg.mwzMSMFtQBExQlrglWhKVdh8anVT8PtqLYaIyFo_uE4.05e58f4d-be26-44e7-bd62-ca25a8845a68,1,2,2,1790700557444,1790700557483,1.70936,0.093961,,
hot_write,False,39.02891699999964,b1b86559-bae4-4716-bbb9-dbc976cdd0cd,live-1790700541150-increment-2,host.v3.cfg.mwzMSMFtQBExQlrglWhKVdh8anVT8PtqLYaIyFo_uE4.05e58f4d-be26-44e7-bd62-ca25a8845a68,1,3,3,1790700557484,1790700557523,6.861687,0.12029,,
hot_read,False,33.854707999998936,fe22bd7d-45ab-49b4-b260-7280ad751049,live-1790700541150-increment-2,host.v3.cfg.mwzMSMFtQBExQlrglWhKVdh8anVT8PtqLYaIyFo_uE4.05e58f4d-be26-44e7-bd62-ca25a8845a68,1,3,3,1790700557523,1790700557557,1.656229,0.08813,,
hot_write,False,38.05162500000006,345ba0eb-6183-44e5-8436-d34b8a7945d4,live-1790700541150-increment-2,host.v3.cfg.mwzMSMFtQBExQlrglWhKVdh8anVT8PtqLYaIyFo_uE4.05e58f4d-be26-44e7-bd62-ca25a8845a68,1,4,4,1790700557558,1790700557596,6.494197,0.06894,,
hot_read,False,34.426290999999765,4b214ab8-861a-476c-8ac1-14d2eca8a97d,live-1790700541150-increment-2,host.v3.cfg.mwzMSMFtQBExQlrglWhKVdh8anVT8PtqLYaIyFo_uE4.05e58f4d-be26-44e7-bd62-ca25a8845a68,1,4,4,1790700557596,1790700557631,1.394779,0.07001,,
hot_write,False,42.40599999999904,c48338d6-79fb-4ec1-86ff-d10537f0bf5a,live-1790700541150-increment-2,host.v3.cfg.mwzMSMFtQBExQlrglWhKVdh8anVT8PtqLYaIyFo_uE4.05e58f4d-be26-44e7-bd62-ca25a8845a68,1,5,5,1790700557631,1790700557674,6.001968,0.06956000000000001,,
hot_read,False,34.28949999999895,11b0fad4-c956-4a2a-b74c-008020275eaf,live-1790700541150-increment-2,host.v3.cfg.mwzMSMFtQBExQlrglWhKVdh8anVT8PtqLYaIyFo_uE4.05e58f4d-be26-44e7-bd62-ca25a8845a68,1,5,5,1790700557674,1790700557708,1.803769,0.08422,,
hot_write,False,39.655666999999085,5a08b24c-2fff-4fbd-979d-1f7035cb3cab,live-1790700541150-increment-2,host.v3.cfg.mwzMSMFtQBExQlrglWhKVdh8anVT8PtqLYaIyFo_uE4.05e58f4d-be26-44e7-bd62-ca25a8845a68,1,6,6,1790700557709,1790700557749,6.058777,0.0768,,
hot_read,False,39.471708000000945,e4c2ab06-68b8-406c-89f3-5cd29e828ef1,live-1790700541150-increment-2,host.v3.cfg.mwzMSMFtQBExQlrglWhKVdh8anVT8PtqLYaIyFo_uE4.05e58f4d-be26-44e7-bd62-ca25a8845a68,1,6,6,1790700557749,1790700557789,1.7498889999999998,0.09263,,
cold_read,False,220.3326249999991,59e2062c-cb86-4fdd-9768-9eb6a1373917,live-1790700541150-read-2,host.v3.cfg.mwzMSMFtQBExQlrglWhKVdh8anVT8PtqLYaIyFo_uE4.ae621c98-43d3-43f6-b3a7-e488feea2e6e,1,0,0,1790700558444,1790700558664,8.760390999999998,0.03898,150.05240799999999,178.91850200000002
hot_write,False,44.67475000000195,42db0008-e4f8-4c14-b4f6-525788e78216,live-1790700541150-read-2,host.v3.cfg.mwzMSMFtQBExQlrglWhKVdh8anVT8PtqLYaIyFo_uE4.ae621c98-43d3-43f6-b3a7-e488feea2e6e,1,1,1,1790700559559,1790700559604,8.141631,0.06258,,
hot_read,False,35.16941600000064,385a17ed-8c9e-498b-96e5-66942c304dbe,live-1790700541150-read-2,host.v3.cfg.mwzMSMFtQBExQlrglWhKVdh8anVT8PtqLYaIyFo_uE4.ae621c98-43d3-43f6-b3a7-e488feea2e6e,1,1,1,1790700559604,1790700559640,1.4664,0.09512,,
hot_write,False,41.98120800000106,950b0ba1-13b3-46f0-b17e-31931d71d294,live-1790700541150-read-2,host.v3.cfg.mwzMSMFtQBExQlrglWhKVdh8anVT8PtqLYaIyFo_uE4.ae621c98-43d3-43f6-b3a7-e488feea2e6e,1,2,2,1790700559640,1790700559682,7.368931,0.073,,
hot_read,False,32.66474999999991,547f4603-d2a6-466e-87a9-a77fc2823bf9,live-1790700541150-read-2,host.v3.cfg.mwzMSMFtQBExQlrglWhKVdh8anVT8PtqLYaIyFo_uE4.ae621c98-43d3-43f6-b3a7-e488feea2e6e,1,2,2,1790700559682,1790700559715,1.34305,0.06198,,
hot_write,False,38.028582999999344,ab4165fe-ce61-4221-8d57-b348b380240a,live-1790700541150-read-2,host.v3.cfg.mwzMSMFtQBExQlrglWhKVdh8anVT8PtqLYaIyFo_uE4.ae621c98-43d3-43f6-b3a7-e488feea2e6e,1,3,3,1790700559715,1790700559753,6.128261,0.14259,,
hot_read,False,33.669207999999344,64a750a9-67e4-451a-bca0-04b3cc5bd4d6,live-1790700541150-read-2,host.v3.cfg.mwzMSMFtQBExQlrglWhKVdh8anVT8PtqLYaIyFo_uE4.ae621c98-43d3-43f6-b3a7-e488feea2e6e,1,3,3,1790700559754,1790700559787,1.46114,0.06992,,
hot_write,False,39.36241700000028,11599178-5a55-4e98-b612-5af7f34b1f5c,live-1790700541150-read-2,host.v3.cfg.mwzMSMFtQBExQlrglWhKVdh8anVT8PtqLYaIyFo_uE4.ae621c98-43d3-43f6-b3a7-e488feea2e6e,1,4,4,1790700559788,1790700559827,6.261151000000001,0.08409,,
hot_read,False,34.32537500000035,43f831e6-2540-45c1-8f03-2e5deb1bfc31,live-1790700541150-read-2,host.v3.cfg.mwzMSMFtQBExQlrglWhKVdh8anVT8PtqLYaIyFo_uE4.ae621c98-43d3-43f6-b3a7-e488feea2e6e,1,4,4,1790700559828,1790700559862,1.6831,0.075429,,
hot_write,False,40.20341700000063,d0f7c616-5c1c-4256-9385-c1c38b219096,live-1790700541150-read-2,host.v3.cfg.mwzMSMFtQBExQlrglWhKVdh8anVT8PtqLYaIyFo_uE4.ae621c98-43d3-43f6-b3a7-e488feea2e6e,1,5,5,1790700559863,1790700559903,6.478981,0.06537000000000001,,
hot_read,False,36.41620799999873,3996e32a-bd7d-4966-86dd-1a956a7a1d72,live-1790700541150-read-2,host.v3.cfg.mwzMSMFtQBExQlrglWhKVdh8anVT8PtqLYaIyFo_uE4.ae621c98-43d3-43f6-b3a7-e488feea2e6e,1,5,5,1790700559903,1790700559940,1.7507899999999998,0.19637,,
cold_write,False,227.45354099999895,087947e3-5638-4e70-a932-1623f2f79476,live-1790700541150-increment-3,host.v3.cfg.mwzMSMFtQBExQlrglWhKVdh8anVT8PtqLYaIyFo_uE4.5300b6dd-47f3-4af0-aed3-74e9f2aa3014,1,1,1,1790700560573,1790700560801,9.029746,0.07464,153.322568,179.72159100000002
hot_write,False,39.14612500000294,2308321c-9068-4515-bbfc-ee36c368a789,live-1790700541150-increment-3,host.v3.cfg.mwzMSMFtQBExQlrglWhKVdh8anVT8PtqLYaIyFo_uE4.5300b6dd-47f3-4af0-aed3-74e9f2aa3014,1,2,2,1790700561695,1790700561734,5.6459079999999995,0.06577999999999999,,
hot_read,False,34.14245799999844,a1e9ca84-cbcb-492b-909a-34a76851480f,live-1790700541150-increment-3,host.v3.cfg.mwzMSMFtQBExQlrglWhKVdh8anVT8PtqLYaIyFo_uE4.5300b6dd-47f3-4af0-aed3-74e9f2aa3014,1,2,2,1790700561734,1790700561769,1.428059,0.08576,,
hot_write,False,49.48008299999856,06f08b6e-149d-48c2-831d-c9ad508dc45a,live-1790700541150-increment-3,host.v3.cfg.mwzMSMFtQBExQlrglWhKVdh8anVT8PtqLYaIyFo_uE4.5300b6dd-47f3-4af0-aed3-74e9f2aa3014,1,3,3,1790700561769,1790700561818,7.118437,0.06076,,
hot_read,False,43.886209000000235,d7381c6f-0f69-4382-8b94-40608d6af3f6,live-1790700541150-increment-3,host.v3.cfg.mwzMSMFtQBExQlrglWhKVdh8anVT8PtqLYaIyFo_uE4.5300b6dd-47f3-4af0-aed3-74e9f2aa3014,1,3,3,1790700561819,1790700561863,1.74943,0.06964000000000001,,
hot_write,False,40.29020799999853,e27c4300-842f-4b29-b64b-3e5532269b57,live-1790700541150-increment-3,host.v3.cfg.mwzMSMFtQBExQlrglWhKVdh8anVT8PtqLYaIyFo_uE4.5300b6dd-47f3-4af0-aed3-74e9f2aa3014,1,4,4,1790700561863,1790700561904,6.145107,0.05416,,
hot_read,False,38.74737499999901,ee678ed6-2fc1-492e-b949-2a394706cd9c,live-1790700541150-increment-3,host.v3.cfg.mwzMSMFtQBExQlrglWhKVdh8anVT8PtqLYaIyFo_uE4.5300b6dd-47f3-4af0-aed3-74e9f2aa3014,1,4,4,1790700561904,1790700561943,1.25552,0.05854,,
hot_write,False,46.59545799999978,b43884e7-97cc-4608-b707-2ce2fee6a99d,live-1790700541150-increment-3,host.v3.cfg.mwzMSMFtQBExQlrglWhKVdh8anVT8PtqLYaIyFo_uE4.5300b6dd-47f3-4af0-aed3-74e9f2aa3014,1,5,5,1790700561943,1790700561990,7.789956,0.114,,
hot_read,False,41.56854200000089,5890f842-f552-4578-a1f5-80e62f40a5fb,live-1790700541150-increment-3,host.v3.cfg.mwzMSMFtQBExQlrglWhKVdh8anVT8PtqLYaIyFo_uE4.5300b6dd-47f3-4af0-aed3-74e9f2aa3014,1,5,5,1790700561990,1790700562032,1.87791,0.09857,,
hot_write,False,55.20624999999927,784e40c1-06e5-4f50-b2fd-f49aae605d46,live-1790700541150-increment-3,host.v3.cfg.mwzMSMFtQBExQlrglWhKVdh8anVT8PtqLYaIyFo_uE4.5300b6dd-47f3-4af0-aed3-74e9f2aa3014,1,6,6,1790700562032,1790700562088,5.839678,0.07613,,
hot_read,False,41.390166999997746,2528c61a-6553-41ed-b16d-ec2b2cf698c9,live-1790700541150-increment-3,host.v3.cfg.mwzMSMFtQBExQlrglWhKVdh8anVT8PtqLYaIyFo_uE4.5300b6dd-47f3-4af0-aed3-74e9f2aa3014,1,6,6,1790700562088,1790700562129,1.322539,0.052929,,
cold_read,False,244.94245800000135,0ee5bfe3-20ff-492c-87bf-1116b18a3cf4,live-1790700541150-read-3,host.v3.cfg.mwzMSMFtQBExQlrglWhKVdh8anVT8PtqLYaIyFo_uE4.4e68b753-3f22-4b28-8072-a222ac4f5be6,1,0,0,1790700562801,1790700563046,10.637102,0.091271,168.426543,199.822816
hot_write,False,47.87916699999914,e1de5556-d3a0-45ae-83a5-ac1451906aa0,live-1790700541150-read-3,host.v3.cfg.mwzMSMFtQBExQlrglWhKVdh8anVT8PtqLYaIyFo_uE4.4e68b753-3f22-4b28-8072-a222ac4f5be6,1,1,1,1790700563976,1790700564024,7.672461,0.08183,,
hot_read,False,33.95716700000048,bebc5ad3-cc2d-41e5-87d1-19a4f2ae74fc,live-1790700541150-read-3,host.v3.cfg.mwzMSMFtQBExQlrglWhKVdh8anVT8PtqLYaIyFo_uE4.4e68b753-3f22-4b28-8072-a222ac4f5be6,1,1,1,1790700564025,1790700564059,1.5462399999999998,0.06055,,
hot_write,False,39.45900000000256,05f0f12f-ec2f-4405-bf9f-a8a7b33445b4,live-1790700541150-read-3,host.v3.cfg.mwzMSMFtQBExQlrglWhKVdh8anVT8PtqLYaIyFo_uE4.4e68b753-3f22-4b28-8072-a222ac4f5be6,1,2,2,1790700564059,1790700564098,7.026321,0.07122999999999999,,
hot_read,False,32.31450000000041,b546ea65-2bf5-4617-b0bf-43ccd081ae65,live-1790700541150-read-3,host.v3.cfg.mwzMSMFtQBExQlrglWhKVdh8anVT8PtqLYaIyFo_uE4.4e68b753-3f22-4b28-8072-a222ac4f5be6,1,2,2,1790700564099,1790700564131,1.6952,0.09527,,
hot_write,False,41.68170800000007,d0c6e56c-868e-4e77-a686-43ad6f13ef2b,live-1790700541150-read-3,host.v3.cfg.mwzMSMFtQBExQlrglWhKVdh8anVT8PtqLYaIyFo_uE4.4e68b753-3f22-4b28-8072-a222ac4f5be6,1,3,3,1790700564132,1790700564173,8.227231,0.06313,,
hot_read,False,30.680458999999246,334ca34c-d137-422b-b4df-2334f55ffe0c,live-1790700541150-read-3,host.v3.cfg.mwzMSMFtQBExQlrglWhKVdh8anVT8PtqLYaIyFo_uE4.4e68b753-3f22-4b28-8072-a222ac4f5be6,1,3,3,1790700564174,1790700564205,1.63831,0.062279999999999995,,
hot_write,False,40.89262500000041,1254a528-bc38-4031-9366-5a93b6f05634,live-1790700541150-read-3,host.v3.cfg.mwzMSMFtQBExQlrglWhKVdh8anVT8PtqLYaIyFo_uE4.4e68b753-3f22-4b28-8072-a222ac4f5be6,1,4,4,1790700564205,1790700564246,6.297681,0.09882,,
hot_read,False,34.211708000002545,ccfb52d8-39ea-45c6-b57b-7807b95517ea,live-1790700541150-read-3,host.v3.cfg.mwzMSMFtQBExQlrglWhKVdh8anVT8PtqLYaIyFo_uE4.4e68b753-3f22-4b28-8072-a222ac4f5be6,1,4,4,1790700564246,1790700564281,1.82516,0.10683,,
hot_write,False,40.71783299999879,1e9ea39f-4b8b-4d57-9237-8f2448f3e90a,live-1790700541150-read-3,host.v3.cfg.mwzMSMFtQBExQlrglWhKVdh8anVT8PtqLYaIyFo_uE4.4e68b753-3f22-4b28-8072-a222ac4f5be6,1,5,5,1790700564281,1790700564322,6.777051,0.06703999999999999,,
hot_read,False,99.90779200000179,d36009c2-b3c6-4731-a8d8-0279e2031f5f,live-1790700541150-read-3,host.v3.cfg.mwzMSMFtQBExQlrglWhKVdh8anVT8PtqLYaIyFo_uE4.4e68b753-3f22-4b28-8072-a222ac4f5be6,1,5,5,1790700564322,1790700564422,1.74248,0.072369,,
cold_write,False,214.8392500000009,277c143f-e0ca-4c79-bd7d-2d538841658e,live-1790700541150-increment-4,host.v3.cfg.mwzMSMFtQBExQlrglWhKVdh8anVT8PtqLYaIyFo_uE4.d6e26a84-b63a-4b56-a3f7-256f56654745,1,1,1,1790700565065,1790700565280,9.478696,0.10509,131.908478,172.65944199999998
hot_write,False,40.09379099999933,5f51dbe8-4101-4c5e-8c35-737312c22812,live-1790700541150-increment-4,host.v3.cfg.mwzMSMFtQBExQlrglWhKVdh8anVT8PtqLYaIyFo_uE4.d6e26a84-b63a-4b56-a3f7-256f56654745,1,2,2,1790700566119,1790700566159,5.560318,0.06438,,
hot_read,False,33.29387499999939,30b39aeb-8f08-45a5-9207-31e1fbbf989f,live-1790700541150-increment-4,host.v3.cfg.mwzMSMFtQBExQlrglWhKVdh8anVT8PtqLYaIyFo_uE4.d6e26a84-b63a-4b56-a3f7-256f56654745,1,2,2,1790700566159,1790700566193,2.271319,0.06567999999999999,,
hot_write,False,39.00229099999706,089e202f-702a-4f5e-a6ae-dca83238134c,live-1790700541150-increment-4,host.v3.cfg.mwzMSMFtQBExQlrglWhKVdh8anVT8PtqLYaIyFo_uE4.d6e26a84-b63a-4b56-a3f7-256f56654745,1,3,3,1790700566193,1790700566232,7.661206,0.06227,,
hot_read,False,33.23691599999802,9be9eec4-c9e1-495f-b564-8f93d4c5d676,live-1790700541150-increment-4,host.v3.cfg.mwzMSMFtQBExQlrglWhKVdh8anVT8PtqLYaIyFo_uE4.d6e26a84-b63a-4b56-a3f7-256f56654745,1,3,3,1790700566232,1790700566266,2.432459,0.07538,,
hot_write,False,39.53962499999761,9e65976e-e670-45f5-bc92-337a603f82de,live-1790700541150-increment-4,host.v3.cfg.mwzMSMFtQBExQlrglWhKVdh8anVT8PtqLYaIyFo_uE4.d6e26a84-b63a-4b56-a3f7-256f56654745,1,4,4,1790700566266,1790700566305,5.6848469999999995,0.08135,,
hot_read,False,35.09216699999888,02810ceb-22e8-4f61-b816-1e21e50a30a6,live-1790700541150-increment-4,host.v3.cfg.mwzMSMFtQBExQlrglWhKVdh8anVT8PtqLYaIyFo_uE4.d6e26a84-b63a-4b56-a3f7-256f56654745,1,4,4,1790700566306,1790700566341,2.284939,0.086591,,
hot_write,False,39.15020899999945,15289b65-4648-493e-829f-00a95e987fb3,live-1790700541150-increment-4,host.v3.cfg.mwzMSMFtQBExQlrglWhKVdh8anVT8PtqLYaIyFo_uE4.d6e26a84-b63a-4b56-a3f7-256f56654745,1,5,5,1790700566341,1790700566380,7.562776,0.06792999999999999,,
hot_read,False,33.497707999998966,b6a2aefd-82ae-47ab-8583-e7ecdb5bbc5b,live-1790700541150-increment-4,host.v3.cfg.mwzMSMFtQBExQlrglWhKVdh8anVT8PtqLYaIyFo_uE4.d6e26a84-b63a-4b56-a3f7-256f56654745,1,5,5,1790700566380,1790700566414,1.557909,0.07524,,
hot_write,False,38.29187499999898,f27456e1-eebf-476e-825e-2ffa455de0c3,live-1790700541150-increment-4,host.v3.cfg.mwzMSMFtQBExQlrglWhKVdh8anVT8PtqLYaIyFo_uE4.d6e26a84-b63a-4b56-a3f7-256f56654745,1,6,6,1790700566414,1790700566452,5.879556999999999,0.098929,,
hot_read,False,33.6754170000022,06c9f458-5a35-4f49-8307-4232e438851b,live-1790700541150-increment-4,host.v3.cfg.mwzMSMFtQBExQlrglWhKVdh8anVT8PtqLYaIyFo_uE4.d6e26a84-b63a-4b56-a3f7-256f56654745,1,6,6,1790700566452,1790700566486,1.844029,0.07175,,
cold_read,False,241.08520800000042,e611639c-5e86-44fe-825d-b2b33c36a3a4,live-1790700541150-read-4,host.v3.cfg.mwzMSMFtQBExQlrglWhKVdh8anVT8PtqLYaIyFo_uE4.b107a913-eec4-4268-9dbe-246cd068bfb2,1,0,0,1790700567059,1790700567300,10.385192,0.08471,166.15365200000002,199.26189
hot_write,False,41.47099999999773,d8d58b89-5801-4eac-b9a3-81dc96a2335b,live-1790700541150-read-4,host.v3.cfg.mwzMSMFtQBExQlrglWhKVdh8anVT8PtqLYaIyFo_uE4.b107a913-eec4-4268-9dbe-246cd068bfb2,1,1,1,1790700568092,1790700568134,7.550411,0.05944,,
hot_read,False,32.70512500000041,341b0828-10ad-4270-a991-47e34cdd75b7,live-1790700541150-read-4,host.v3.cfg.mwzMSMFtQBExQlrglWhKVdh8anVT8PtqLYaIyFo_uE4.b107a913-eec4-4268-9dbe-246cd068bfb2,1,1,1,1790700568134,1790700568167,1.64119,0.069311,,
hot_write,False,46.994250000003376,a8185ee2-7a32-4eb5-90a1-836810368af7,live-1790700541150-read-4,host.v3.cfg.mwzMSMFtQBExQlrglWhKVdh8anVT8PtqLYaIyFo_uE4.b107a913-eec4-4268-9dbe-246cd068bfb2,1,2,2,1790700568167,1790700568214,7.361492,0.13930099999999998,,
hot_read,False,33.729167000001326,6b5f5f47-d82c-4a7a-bac7-438981afde1a,live-1790700541150-read-4,host.v3.cfg.mwzMSMFtQBExQlrglWhKVdh8anVT8PtqLYaIyFo_uE4.b107a913-eec4-4268-9dbe-246cd068bfb2,1,2,2,1790700568214,1790700568248,1.40894,0.068629,,
hot_write,False,37.69245899999805,d82a41b1-c64c-47ca-a0af-e34873ac122d,live-1790700541150-read-4,host.v3.cfg.mwzMSMFtQBExQlrglWhKVdh8anVT8PtqLYaIyFo_uE4.b107a913-eec4-4268-9dbe-246cd068bfb2,1,3,3,1790700568248,1790700568286,6.759511,0.29492,,
hot_read,False,33.81370799999786,041a9d54-84cd-40f4-aa2f-bc8e36c29525,live-1790700541150-read-4,host.v3.cfg.mwzMSMFtQBExQlrglWhKVdh8anVT8PtqLYaIyFo_uE4.b107a913-eec4-4268-9dbe-246cd068bfb2,1,3,3,1790700568286,1790700568320,2.4192,0.06514,,
hot_write,False,42.47216599999956,aa57ba0b-f71b-4fad-8dd1-cf37afb705d8,live-1790700541150-read-4,host.v3.cfg.mwzMSMFtQBExQlrglWhKVdh8anVT8PtqLYaIyFo_uE4.b107a913-eec4-4268-9dbe-246cd068bfb2,1,4,4,1790700568320,1790700568362,6.059021,0.06854,,
hot_read,False,32.52766699999847,2f8184d3-d313-451c-8c77-8269579a12fc,live-1790700541150-read-4,host.v3.cfg.mwzMSMFtQBExQlrglWhKVdh8anVT8PtqLYaIyFo_uE4.b107a913-eec4-4268-9dbe-246cd068bfb2,1,4,4,1790700568363,1790700568395,1.4679300000000002,0.05817,,
hot_write,False,37.62645799999882,53e8dbb4-f1c2-4f07-9b52-b5a20244e7e2,live-1790700541150-read-4,host.v3.cfg.mwzMSMFtQBExQlrglWhKVdh8anVT8PtqLYaIyFo_uE4.b107a913-eec4-4268-9dbe-246cd068bfb2,1,5,5,1790700568396,1790700568433,5.781881,0.06604,,
hot_read,False,35.016333000003215,5b7691b7-bd21-454d-b59e-1d6ea21db317,live-1790700541150-read-4,host.v3.cfg.mwzMSMFtQBExQlrglWhKVdh8anVT8PtqLYaIyFo_uE4.b107a913-eec4-4268-9dbe-246cd068bfb2,1,5,5,1790700568434,1790700568469,1.94722,0.05589,,
cold_write,False,222.64549999999872,126a97c0-50d8-4ca7-b8a2-1dfc282dc89a,live-1790700541150-increment-5,host.v3.cfg.mwzMSMFtQBExQlrglWhKVdh8anVT8PtqLYaIyFo_uE4.e783a9a7-62d1-4d80-9da5-a5ffeb6426b9,1,1,1,1790700569089,1790700569311,9.179892,0.08787,149.90889199999998,181.10642099999998
hot_write,False,41.66162500000064,bd55ea8b-85db-4940-8c51-6a0a14dbf3ba,live-1790700541150-increment-5,host.v3.cfg.mwzMSMFtQBExQlrglWhKVdh8anVT8PtqLYaIyFo_uE4.e783a9a7-62d1-4d80-9da5-a5ffeb6426b9,1,2,2,1790700570167,1790700570208,6.921771000000001,0.06724999999999999,,
hot_read,False,36.114582999998674,f569475c-02a1-4727-ba89-c87bb3d3f6f4,live-1790700541150-increment-5,host.v3.cfg.mwzMSMFtQBExQlrglWhKVdh8anVT8PtqLYaIyFo_uE4.e783a9a7-62d1-4d80-9da5-a5ffeb6426b9,1,2,2,1790700570208,1790700570245,2.861361,0.06834,,
hot_write,False,43.819666999999754,87253bd6-a708-4128-9aea-0f5a946584ac,live-1790700541150-increment-5,host.v3.cfg.mwzMSMFtQBExQlrglWhKVdh8anVT8PtqLYaIyFo_uE4.e783a9a7-62d1-4d80-9da5-a5ffeb6426b9,1,3,3,1790700570245,1790700570289,6.782951,0.08698,,
hot_read,False,34.88729100000273,5392c17a-792d-41db-a798-700188431248,live-1790700541150-increment-5,host.v3.cfg.mwzMSMFtQBExQlrglWhKVdh8anVT8PtqLYaIyFo_uE4.e783a9a7-62d1-4d80-9da5-a5ffeb6426b9,1,3,3,1790700570289,1790700570324,1.70485,0.06995000000000001,,
hot_write,False,39.2845410000009,a7494a2e-5fb2-4ce3-a6b6-70643064eea0,live-1790700541150-increment-5,host.v3.cfg.mwzMSMFtQBExQlrglWhKVdh8anVT8PtqLYaIyFo_uE4.e783a9a7-62d1-4d80-9da5-a5ffeb6426b9,1,4,4,1790700570324,1790700570364,6.62775,0.070099,,
hot_read,False,32.61849999999686,1f2cf902-ecfe-409f-97ef-647c1e9dc8f6,live-1790700541150-increment-5,host.v3.cfg.mwzMSMFtQBExQlrglWhKVdh8anVT8PtqLYaIyFo_uE4.e783a9a7-62d1-4d80-9da5-a5ffeb6426b9,1,4,4,1790700570364,1790700570397,1.46481,0.09512,,
hot_write,False,38.22566699999879,08566780-4348-49ae-88fb-3fd72a91d436,live-1790700541150-increment-5,host.v3.cfg.mwzMSMFtQBExQlrglWhKVdh8anVT8PtqLYaIyFo_uE4.e783a9a7-62d1-4d80-9da5-a5ffeb6426b9,1,5,5,1790700570397,1790700570435,5.721401,0.06642,,
hot_read,False,35.75762500000201,9be91b73-3681-4886-beed-3acfcd359759,live-1790700541150-increment-5,host.v3.cfg.mwzMSMFtQBExQlrglWhKVdh8anVT8PtqLYaIyFo_uE4.e783a9a7-62d1-4d80-9da5-a5ffeb6426b9,1,5,5,1790700570436,1790700570472,2.0148,0.09393,,
hot_write,False,41.23466700000063,411ec3e4-a28b-4f48-b0eb-80940dec9700,live-1790700541150-increment-5,host.v3.cfg.mwzMSMFtQBExQlrglWhKVdh8anVT8PtqLYaIyFo_uE4.e783a9a7-62d1-4d80-9da5-a5ffeb6426b9,1,6,6,1790700570472,1790700570513,6.705591,0.08660000000000001,,
hot_read,False,32.719833000002836,49b15e28-fb85-41ba-b400-5620cdba271e,live-1790700541150-increment-5,host.v3.cfg.mwzMSMFtQBExQlrglWhKVdh8anVT8PtqLYaIyFo_uE4.e783a9a7-62d1-4d80-9da5-a5ffeb6426b9,1,6,6,1790700570514,1790700570546,1.78137,0.08223899999999999,,
cold_read,False,217.36425000000236,2a00a499-bae5-4178-a005-25eec42794f1,live-1790700541150-read-5,host.v3.cfg.mwzMSMFtQBExQlrglWhKVdh8anVT8PtqLYaIyFo_uE4.849a7f48-d9cd-4fc4-ba10-0174c00c6390,1,0,0,1790700571164,1790700571382,8.932086,0.05519,144.659401,173.16709899999998
hot_write,False,41.58441699999821,433a5b0d-5e34-4cc3-a717-60a2f964e9fe,live-1790700541150-read-5,host.v3.cfg.mwzMSMFtQBExQlrglWhKVdh8anVT8PtqLYaIyFo_uE4.849a7f48-d9cd-4fc4-ba10-0174c00c6390,1,1,1,1790700572285,1790700572326,6.917857000000001,0.07940000000000001,,
hot_read,False,32.07537500000035,af136bf4-e8cb-4c8f-8dc6-a32196a26cc3,live-1790700541150-read-5,host.v3.cfg.mwzMSMFtQBExQlrglWhKVdh8anVT8PtqLYaIyFo_uE4.849a7f48-d9cd-4fc4-ba10-0174c00c6390,1,1,1,1790700572327,1790700572359,1.412929,0.070039,,
hot_write,False,38.77074999999968,5948fece-417c-46b4-9ebc-4f6a39ef24be,live-1790700541150-read-5,host.v3.cfg.mwzMSMFtQBExQlrglWhKVdh8anVT8PtqLYaIyFo_uE4.849a7f48-d9cd-4fc4-ba10-0174c00c6390,1,2,2,1790700572359,1790700572398,6.620817000000001,0.06402999999999999,,
hot_read,False,37.19166699999914,03583e2d-6586-4bcb-8e3c-1c1fee61c07a,live-1790700541150-read-5,host.v3.cfg.mwzMSMFtQBExQlrglWhKVdh8anVT8PtqLYaIyFo_uE4.849a7f48-d9cd-4fc4-ba10-0174c00c6390,1,2,2,1790700572398,1790700572435,1.910039,0.07143,,
hot_write,False,39.24483400000099,5e37b389-d9a6-4c20-aea2-1a94b8c09a2e,live-1790700541150-read-5,host.v3.cfg.mwzMSMFtQBExQlrglWhKVdh8anVT8PtqLYaIyFo_uE4.849a7f48-d9cd-4fc4-ba10-0174c00c6390,1,3,3,1790700572436,1790700572475,6.107067,0.09433,,
hot_read,False,35.94879200000287,5834e76d-06c4-4cb3-a799-a13ec4f19832,live-1790700541150-read-5,host.v3.cfg.mwzMSMFtQBExQlrglWhKVdh8anVT8PtqLYaIyFo_uE4.849a7f48-d9cd-4fc4-ba10-0174c00c6390,1,3,3,1790700572476,1790700572511,2.462989,0.09206,,
hot_write,False,41.35620800000106,48d245fa-b2b0-4333-8a6b-5c9f7e77a5aa,live-1790700541150-read-5,host.v3.cfg.mwzMSMFtQBExQlrglWhKVdh8anVT8PtqLYaIyFo_uE4.849a7f48-d9cd-4fc4-ba10-0174c00c6390,1,4,4,1790700572512,1790700572554,6.353217000000001,0.105979,,
hot_read,False,34.03508299999885,48cf933b-5e12-4c55-89c9-a9d7591fac6f,live-1790700541150-read-5,host.v3.cfg.mwzMSMFtQBExQlrglWhKVdh8anVT8PtqLYaIyFo_uE4.849a7f48-d9cd-4fc4-ba10-0174c00c6390,1,4,4,1790700572554,1790700572588,2.0000590000000003,0.0819,,
hot_write,False,36.53941599999962,025b5a99-d86f-4ba9-843f-c778610a1e00,live-1790700541150-read-5,host.v3.cfg.mwzMSMFtQBExQlrglWhKVdh8anVT8PtqLYaIyFo_uE4.849a7f48-d9cd-4fc4-ba10-0174c00c6390,1,5,5,1790700572588,1790700572625,6.065437,0.0821,,
hot_read,False,38.636749999997846,ac730844-df13-4060-89fc-e8c235b8d0b6,live-1790700541150-read-5,host.v3.cfg.mwzMSMFtQBExQlrglWhKVdh8anVT8PtqLYaIyFo_uE4.849a7f48-d9cd-4fc4-ba10-0174c00c6390,1,5,5,1790700572625,1790700572664,1.939909,0.08036,,
cold_write,False,194.52441700000054,bd2bf3cb-4c7d-4ecd-ac37-3b7905727801,live-1790700541150-increment-6,host.v3.cfg.mwzMSMFtQBExQlrglWhKVdh8anVT8PtqLYaIyFo_uE4.93c8217a-22a2-481b-877e-76589c9ac968,1,1,1,1790700573306,1790700573501,9.552096,0.05954,122.490411,151.691676
hot_write,False,38.31120799999917,16fcd0b7-eb3b-4420-81ba-07a1a68bf925,live-1790700541150-increment-6,host.v3.cfg.mwzMSMFtQBExQlrglWhKVdh8anVT8PtqLYaIyFo_uE4.93c8217a-22a2-481b-877e-76589c9ac968,1,2,2,1790700574421,1790700574459,6.102837,0.08071,,
hot_read,False,34.35808299999917,7fad714a-8563-455d-845a-23e3456d41a9,live-1790700541150-increment-6,host.v3.cfg.mwzMSMFtQBExQlrglWhKVdh8anVT8PtqLYaIyFo_uE4.93c8217a-22a2-481b-877e-76589c9ac968,1,2,2,1790700574459,1790700574494,1.396929,0.07565,,
hot_write,False,43.97400000000198,0b41039a-a2f2-4712-b4af-b944afa9d7ef,live-1790700541150-increment-6,host.v3.cfg.mwzMSMFtQBExQlrglWhKVdh8anVT8PtqLYaIyFo_uE4.93c8217a-22a2-481b-877e-76589c9ac968,1,3,3,1790700574494,1790700574538,6.667007,0.07185,,
hot_read,False,35.40108300000429,9e3cbc10-1542-4443-b970-656da7b0cb61,live-1790700541150-increment-6,host.v3.cfg.mwzMSMFtQBExQlrglWhKVdh8anVT8PtqLYaIyFo_uE4.93c8217a-22a2-481b-877e-76589c9ac968,1,3,3,1790700574538,1790700574574,1.553099,0.06894,,
hot_write,False,38.77562500000204,9a708e20-bd3e-48ce-8bd9-585268278629,live-1790700541150-increment-6,host.v3.cfg.mwzMSMFtQBExQlrglWhKVdh8anVT8PtqLYaIyFo_uE4.93c8217a-22a2-481b-877e-76589c9ac968,1,4,4,1790700574574,1790700574613,6.547077,0.06999999999999999,,
hot_read,False,52.358000000000175,eb1e0121-ffaa-4635-ae92-72f632bb86ba,live-1790700541150-increment-6,host.v3.cfg.mwzMSMFtQBExQlrglWhKVdh8anVT8PtqLYaIyFo_uE4.93c8217a-22a2-481b-877e-76589c9ac968,1,4,4,1790700574614,1790700574666,1.547499,0.05887,,
hot_write,False,38.475540999999794,75213ae5-5d96-41a6-8ff1-acd1d578fcd4,live-1790700541150-increment-6,host.v3.cfg.mwzMSMFtQBExQlrglWhKVdh8anVT8PtqLYaIyFo_uE4.93c8217a-22a2-481b-877e-76589c9ac968,1,5,5,1790700574666,1790700574705,6.138017,0.11575,,
hot_read,False,35.605209000001196,f253e192-21e8-4997-bb08-add640bd982e,live-1790700541150-increment-6,host.v3.cfg.mwzMSMFtQBExQlrglWhKVdh8anVT8PtqLYaIyFo_uE4.93c8217a-22a2-481b-877e-76589c9ac968,1,5,5,1790700574705,1790700574741,1.852809,0.07511000000000001,,
hot_write,False,39.863875000002736,8bc8f948-0764-4917-88d4-a028b8b0935b,live-1790700541150-increment-6,host.v3.cfg.mwzMSMFtQBExQlrglWhKVdh8anVT8PtqLYaIyFo_uE4.93c8217a-22a2-481b-877e-76589c9ac968,1,6,6,1790700574741,1790700574781,6.353666,0.204399,,
hot_read,False,35.35533299999952,049e94f3-23d0-45ed-b1f7-ac611f97fa7e,live-1790700541150-increment-6,host.v3.cfg.mwzMSMFtQBExQlrglWhKVdh8anVT8PtqLYaIyFo_uE4.93c8217a-22a2-481b-877e-76589c9ac968,1,6,6,1790700574782,1790700574817,1.889319,0.08106,,
cold_read,False,237.74541599999793,f6fe3bbc-6b46-4f4d-a833-56d916118dd2,live-1790700541150-read-6,host.v3.cfg.mwzMSMFtQBExQlrglWhKVdh8anVT8PtqLYaIyFo_uE4.f95bbab1-73cd-450b-a017-bb9b220a7c13,1,0,0,1790700575468,1790700575705,9.812895,0.10857,168.11101,194.05766899999998
hot_write,False,43.75066700000025,dda41511-0d36-4fe8-81e1-2da41449113b,live-1790700541150-read-6,host.v3.cfg.mwzMSMFtQBExQlrglWhKVdh8anVT8PtqLYaIyFo_uE4.f95bbab1-73cd-450b-a017-bb9b220a7c13,1,1,1,1790700576647,1790700576691,6.721936,0.07035,,
hot_read,False,36.268708999996306,c2768609-9f0a-4d55-94fd-4862f3876de1,live-1790700541150-read-6,host.v3.cfg.mwzMSMFtQBExQlrglWhKVdh8anVT8PtqLYaIyFo_uE4.f95bbab1-73cd-450b-a017-bb9b220a7c13,1,1,1,1790700576691,1790700576727,1.492679,0.08422,,
hot_write,False,43.967875000002095,537a7a02-19b7-481a-94c7-17a507fc263c,live-1790700541150-read-6,host.v3.cfg.mwzMSMFtQBExQlrglWhKVdh8anVT8PtqLYaIyFo_uE4.f95bbab1-73cd-450b-a017-bb9b220a7c13,1,2,2,1790700576728,1790700576772,6.995887,0.07978,,
hot_read,False,32.96283299999777,6d2a7d72-8372-4978-bdd3-982f3b053c97,live-1790700541150-read-6,host.v3.cfg.mwzMSMFtQBExQlrglWhKVdh8anVT8PtqLYaIyFo_uE4.f95bbab1-73cd-450b-a017-bb9b220a7c13,1,2,2,1790700576772,1790700576805,1.503629,0.05729,,
hot_write,False,39.529374999998254,91c4b9e0-cb3d-4d4b-859f-6b539db2f58a,live-1790700541150-read-6,host.v3.cfg.mwzMSMFtQBExQlrglWhKVdh8anVT8PtqLYaIyFo_uE4.f95bbab1-73cd-450b-a017-bb9b220a7c13,1,3,3,1790700576806,1790700576845,6.357687,0.07078,,
hot_read,False,34.65137500000128,ef5a0bd7-4d58-431b-a737-2cd652101c91,live-1790700541150-read-6,host.v3.cfg.mwzMSMFtQBExQlrglWhKVdh8anVT8PtqLYaIyFo_uE4.f95bbab1-73cd-450b-a017-bb9b220a7c13,1,3,3,1790700576846,1790700576881,2.182328,0.099109,,
hot_write,False,39.36762499999895,7cfe9c69-62c2-405e-af73-ea2cf54e076b,live-1790700541150-read-6,host.v3.cfg.mwzMSMFtQBExQlrglWhKVdh8anVT8PtqLYaIyFo_uE4.f95bbab1-73cd-450b-a017-bb9b220a7c13,1,4,4,1790700576881,1790700576920,6.506176,0.07818,,
hot_read,False,34.09049999999843,8b2169cd-b4c3-4c01-8810-b7bb6d13bcc0,live-1790700541150-read-6,host.v3.cfg.mwzMSMFtQBExQlrglWhKVdh8anVT8PtqLYaIyFo_uE4.f95bbab1-73cd-450b-a017-bb9b220a7c13,1,4,4,1790700576921,1790700576955,1.691,0.07844,,
hot_write,False,41.991916999999376,a0fd82be-cce4-4efc-a39e-36bbd93b2573,live-1790700541150-read-6,host.v3.cfg.mwzMSMFtQBExQlrglWhKVdh8anVT8PtqLYaIyFo_uE4.f95bbab1-73cd-450b-a017-bb9b220a7c13,1,5,5,1790700576955,1790700576997,6.955186,0.29058,,
hot_read,False,34.49695899999642,2231efa3-0204-4c02-9e3d-b3b6b83f8a6b,live-1790700541150-read-6,host.v3.cfg.mwzMSMFtQBExQlrglWhKVdh8anVT8PtqLYaIyFo_uE4.f95bbab1-73cd-450b-a017-bb9b220a7c13,1,5,5,1790700576998,1790700577032,1.811129,0.0693,,
cold_write,False,228.1287500000035,ab506def-6e86-48ce-888a-8b769cf37376,live-1790700541150-increment-7,host.v3.cfg.mwzMSMFtQBExQlrglWhKVdh8anVT8PtqLYaIyFo_uE4.d6e5ac52-56ff-493c-9e5d-6eb365d6083d,1,1,1,1790700577656,1790700577884,9.081242,0.04258,148.546949,182.64899
hot_write,False,39.35424999999668,fad02cff-61dd-460c-ad9e-f47f625130a1,live-1790700541150-increment-7,host.v3.cfg.mwzMSMFtQBExQlrglWhKVdh8anVT8PtqLYaIyFo_uE4.d6e5ac52-56ff-493c-9e5d-6eb365d6083d,1,2,2,1790700578799,1790700578838,6.329561,0.12139,,
hot_read,False,32.85699999999633,cc040683-5aeb-4468-b919-caafa947ef80,live-1790700541150-increment-7,host.v3.cfg.mwzMSMFtQBExQlrglWhKVdh8anVT8PtqLYaIyFo_uE4.d6e5ac52-56ff-493c-9e5d-6eb365d6083d,1,2,2,1790700578838,1790700578871,1.55829,0.07787,,
hot_write,False,38.59437500000058,0e14591f-5ff0-48de-b56d-0dc513618e41,live-1790700541150-increment-7,host.v3.cfg.mwzMSMFtQBExQlrglWhKVdh8anVT8PtqLYaIyFo_uE4.d6e5ac52-56ff-493c-9e5d-6eb365d6083d,1,3,3,1790700578871,1790700578910,6.6402220000000005,0.07493100000000001,,
hot_read,False,31.854958000003535,599d94ee-8fb3-46ac-8116-56b92a6cd00b,live-1790700541150-increment-7,host.v3.cfg.mwzMSMFtQBExQlrglWhKVdh8anVT8PtqLYaIyFo_uE4.d6e5ac52-56ff-493c-9e5d-6eb365d6083d,1,3,3,1790700578910,1790700578942,1.752451,0.11196,,
hot_write,False,36.76733300000342,05b01a2e-375a-448c-a2c7-28c61ec7b495,live-1790700541150-increment-7,host.v3.cfg.mwzMSMFtQBExQlrglWhKVdh8anVT8PtqLYaIyFo_uE4.d6e5ac52-56ff-493c-9e5d-6eb365d6083d,1,4,4,1790700578942,1790700578979,6.224411,0.07788,,
hot_read,False,34.553249999997206,dce85bfa-2177-41f1-be0d-f1e5f253eba5,live-1790700541150-increment-7,host.v3.cfg.mwzMSMFtQBExQlrglWhKVdh8anVT8PtqLYaIyFo_uE4.d6e5ac52-56ff-493c-9e5d-6eb365d6083d,1,4,4,1790700578979,1790700579014,1.82785,0.12521000000000002,,
hot_write,False,43.72741700000188,4ffec434-09e4-42bf-a8b4-55e2dec861df,live-1790700541150-increment-7,host.v3.cfg.mwzMSMFtQBExQlrglWhKVdh8anVT8PtqLYaIyFo_uE4.d6e5ac52-56ff-493c-9e5d-6eb365d6083d,1,5,5,1790700579014,1790700579058,9.821231,0.08558,,
hot_read,False,35.39937500000087,06025de0-7c32-4c3a-9bd5-9f10674f690f,live-1790700541150-increment-7,host.v3.cfg.mwzMSMFtQBExQlrglWhKVdh8anVT8PtqLYaIyFo_uE4.d6e5ac52-56ff-493c-9e5d-6eb365d6083d,1,5,5,1790700579058,1790700579094,2.06617,0.07509,,
hot_write,False,39.89058300000033,8f9e6d22-5093-4e4b-b39f-bd8d2a2d5a51,live-1790700541150-increment-7,host.v3.cfg.mwzMSMFtQBExQlrglWhKVdh8anVT8PtqLYaIyFo_uE4.d6e5ac52-56ff-493c-9e5d-6eb365d6083d,1,6,6,1790700579094,1790700579134,6.888261,0.0629,,
hot_read,False,44.817957999999635,7e91d6a9-3100-446d-852a-0a0f9cddf2b9,live-1790700541150-increment-7,host.v3.cfg.mwzMSMFtQBExQlrglWhKVdh8anVT8PtqLYaIyFo_uE4.d6e5ac52-56ff-493c-9e5d-6eb365d6083d,1,6,6,1790700579135,1790700579179,1.682741,0.0766,,
cold_read,False,289.5961249999964,cc73e483-f6e0-4a67-99a5-d4bda5a306f4,live-1790700541150-read-7,host.v3.cfg.mwzMSMFtQBExQlrglWhKVdh8anVT8PtqLYaIyFo_uE4.8056e2c7-a134-40bf-ab65-3e0ca84ca830,1,0,0,1790700580321,1790700580610,9.449982,0.06760000000000001,135.46061600000002,159.634724
hot_write,False,109.68129200000112,9df7f6a7-9a87-4eae-a13c-6b857b4b92ac,live-1790700541150-read-7,host.v3.cfg.mwzMSMFtQBExQlrglWhKVdh8anVT8PtqLYaIyFo_uE4.8056e2c7-a134-40bf-ab65-3e0ca84ca830,1,1,1,1790700582652,1790700582762,7.008811000000001,0.06794,,
hot_read,False,76.57929200000217,08d02b3a-d86f-4ba7-84b1-4496236bfe2f,live-1790700541150-read-7,host.v3.cfg.mwzMSMFtQBExQlrglWhKVdh8anVT8PtqLYaIyFo_uE4.8056e2c7-a134-40bf-ab65-3e0ca84ca830,1,1,1,1790700582762,1790700582839,1.72571,0.06896000000000001,,
hot_write,False,92.122457999998,8bd8bfc6-ab33-44c8-8c6d-7381d33afa15,live-1790700541150-read-7,host.v3.cfg.mwzMSMFtQBExQlrglWhKVdh8anVT8PtqLYaIyFo_uE4.8056e2c7-a134-40bf-ab65-3e0ca84ca830,1,2,2,1790700582839,1790700582931,8.292071,0.06286,,
hot_read,False,88.07945800000016,cc329ed9-326f-4da0-aec4-071d72b1caea,live-1790700541150-read-7,host.v3.cfg.mwzMSMFtQBExQlrglWhKVdh8anVT8PtqLYaIyFo_uE4.8056e2c7-a134-40bf-ab65-3e0ca84ca830,1,2,2,1790700582932,1790700583020,2.988911,0.10356,,
hot_write,False,113.06487500000367,dd517765-0759-44b3-9075-fff65eb400dc,live-1790700541150-read-7,host.v3.cfg.mwzMSMFtQBExQlrglWhKVdh8anVT8PtqLYaIyFo_uE4.8056e2c7-a134-40bf-ab65-3e0ca84ca830,1,3,3,1790700583020,1790700583133,8.961901,0.74449,,
hot_read,False,93.47595799999544,624a2a77-1a80-45ae-8005-970c4a53c6fa,live-1790700541150-read-7,host.v3.cfg.mwzMSMFtQBExQlrglWhKVdh8anVT8PtqLYaIyFo_uE4.8056e2c7-a134-40bf-ab65-3e0ca84ca830,1,3,3,1790700583134,1790700583227,2.68977,0.08778899999999999,,
hot_write,False,123.08529099999578,e1b0d15f-1b62-4d3a-9b16-2401fc57fa7e,live-1790700541150-read-7,host.v3.cfg.mwzMSMFtQBExQlrglWhKVdh8anVT8PtqLYaIyFo_uE4.8056e2c7-a134-40bf-ab65-3e0ca84ca830,1,4,4,1790700583228,1790700583351,8.484241,0.06553,,
hot_read,False,121.04570899999817,2234ef0a-053e-4678-94da-82da025cc9b9,live-1790700541150-read-7,host.v3.cfg.mwzMSMFtQBExQlrglWhKVdh8anVT8PtqLYaIyFo_uE4.8056e2c7-a134-40bf-ab65-3e0ca84ca830,1,4,4,1790700583351,1790700583473,1.798411,0.06265000000000001,,
hot_write,False,101.24404200000572,c7ff75ad-9456-4795-bf69-ad4c8e8493d3,live-1790700541150-read-7,host.v3.cfg.mwzMSMFtQBExQlrglWhKVdh8anVT8PtqLYaIyFo_uE4.8056e2c7-a134-40bf-ab65-3e0ca84ca830,1,5,5,1790700583473,1790700583574,5.803191,0.05586,,
hot_read,False,81.10054200000013,4ad3b7a7-765b-4b41-84ab-546178e33b66,live-1790700541150-read-7,host.v3.cfg.mwzMSMFtQBExQlrglWhKVdh8anVT8PtqLYaIyFo_uE4.8056e2c7-a134-40bf-ab65-3e0ca84ca830,1,5,5,1790700583575,1790700583656,1.4127,0.10408,,
cold_write,False,254.40829099999974,4bd1bd13-b3d2-423a-8058-a4718d7915ca,live-1790700541150-increment-8,host.v3.cfg.mwzMSMFtQBExQlrglWhKVdh8anVT8PtqLYaIyFo_uE4.3a95b18e-01b3-4669-8aca-0c93c87a3280,1,1,1,1790700588452,1790700588706,9.332355,0.06211,126.47403800000001,161.57173699999998
hot_write,False,43.304457999998704,129b7bec-0dce-4fb5-b034-34f25f756d2d,live-1790700541150-increment-8,host.v3.cfg.mwzMSMFtQBExQlrglWhKVdh8anVT8PtqLYaIyFo_uE4.3a95b18e-01b3-4669-8aca-0c93c87a3280,1,2,2,1790700589621,1790700589664,8.035727,0.10743,,
hot_read,False,90.04729200000293,8031fbe0-466f-4687-8355-bdfa0e5485b9,live-1790700541150-increment-8,host.v3.cfg.mwzMSMFtQBExQlrglWhKVdh8anVT8PtqLYaIyFo_uE4.3a95b18e-01b3-4669-8aca-0c93c87a3280,1,2,2,1790700589665,1790700589755,1.3791490000000002,0.056,,
hot_write,False,36.97095900000568,dc24bd6b-dc94-489e-8746-21ff019513aa,live-1790700541150-increment-8,host.v3.cfg.mwzMSMFtQBExQlrglWhKVdh8anVT8PtqLYaIyFo_uE4.3a95b18e-01b3-4669-8aca-0c93c87a3280,1,3,3,1790700589755,1790700589792,6.738016,0.08101900000000001,,
hot_read,False,37.91554200000246,37c9d10e-408b-4cd1-b48f-6083768e14cd,live-1790700541150-increment-8,host.v3.cfg.mwzMSMFtQBExQlrglWhKVdh8anVT8PtqLYaIyFo_uE4.3a95b18e-01b3-4669-8aca-0c93c87a3280,1,3,3,1790700589793,1790700589831,1.957229,0.07429,,
hot_write,False,40.48283300000185,9ded4023-358b-4047-99bc-fabc68d6b12f,live-1790700541150-increment-8,host.v3.cfg.mwzMSMFtQBExQlrglWhKVdh8anVT8PtqLYaIyFo_uE4.3a95b18e-01b3-4669-8aca-0c93c87a3280,1,4,4,1790700589831,1790700589872,6.060337,0.056229,,
hot_read,False,38.27216700000281,313d5233-24a0-4393-ad5b-5a9ea12e5cb7,live-1790700541150-increment-8,host.v3.cfg.mwzMSMFtQBExQlrglWhKVdh8anVT8PtqLYaIyFo_uE4.3a95b18e-01b3-4669-8aca-0c93c87a3280,1,4,4,1790700589872,1790700589910,1.582729,0.07048,,
hot_write,False,37.2913750000007,b3b6c3dc-7800-48c4-94ae-d2cf3b0c4ad2,live-1790700541150-increment-8,host.v3.cfg.mwzMSMFtQBExQlrglWhKVdh8anVT8PtqLYaIyFo_uE4.3a95b18e-01b3-4669-8aca-0c93c87a3280,1,5,5,1790700589910,1790700589948,6.584776,0.078319,,
hot_read,False,48.27929199999926,4bda7046-2a7a-419d-8504-c5d879780002,live-1790700541150-increment-8,host.v3.cfg.mwzMSMFtQBExQlrglWhKVdh8anVT8PtqLYaIyFo_uE4.3a95b18e-01b3-4669-8aca-0c93c87a3280,1,5,5,1790700589948,1790700589996,2.083369,0.06564,,
hot_write,False,71.77700000000186,d902090f-6b42-41be-b3e4-89f84af6d876,live-1790700541150-increment-8,host.v3.cfg.mwzMSMFtQBExQlrglWhKVdh8anVT8PtqLYaIyFo_uE4.3a95b18e-01b3-4669-8aca-0c93c87a3280,1,6,6,1790700589997,1790700590069,7.191486,0.10799,,
hot_read,False,63.5009579999969,8f73e63a-82b5-4de7-a08a-9d10e72f4457,live-1790700541150-increment-8,host.v3.cfg.mwzMSMFtQBExQlrglWhKVdh8anVT8PtqLYaIyFo_uE4.3a95b18e-01b3-4669-8aca-0c93c87a3280,1,6,6,1790700590069,1790700590133,1.689839,0.08095000000000001,,
cold_read,False,225.25283400000626,1c0eba1c-5a3a-45c9-9848-e991a28ab4cd,live-1790700541150-read-8,host.v3.cfg.mwzMSMFtQBExQlrglWhKVdh8anVT8PtqLYaIyFo_uE4.d7d44f87-330e-4e69-97f6-d56db0ce45bf,1,0,0,1790700590716,1790700590941,9.106862,0.091451,140.27564,169.84679699999998
hot_write,False,43.08579200000531,cfa3dc19-d53c-428a-82b0-1ceddfde9f6d,live-1790700541150-read-8,host.v3.cfg.mwzMSMFtQBExQlrglWhKVdh8anVT8PtqLYaIyFo_uE4.d7d44f87-330e-4e69-97f6-d56db0ce45bf,1,1,1,1790700591805,1790700591848,6.557611,0.060399,,
hot_read,False,43.0604170000006,10f450d9-1acb-41f9-af4a-261194b467cd,live-1790700541150-read-8,host.v3.cfg.mwzMSMFtQBExQlrglWhKVdh8anVT8PtqLYaIyFo_uE4.d7d44f87-330e-4e69-97f6-d56db0ce45bf,1,1,1,1790700591849,1790700591892,1.3378,0.0719,,
hot_write,False,38.834459000005154,0503c708-b9f7-4e50-8d82-5cf7d5040495,live-1790700541150-read-8,host.v3.cfg.mwzMSMFtQBExQlrglWhKVdh8anVT8PtqLYaIyFo_uE4.d7d44f87-330e-4e69-97f6-d56db0ce45bf,1,2,2,1790700591892,1790700591931,7.034511,0.10665,,
hot_read,False,38.643667000003916,0d5d2c42-0c4e-4368-bdbb-9b2c5bce6243,live-1790700541150-read-8,host.v3.cfg.mwzMSMFtQBExQlrglWhKVdh8anVT8PtqLYaIyFo_uE4.d7d44f87-330e-4e69-97f6-d56db0ce45bf,1,2,2,1790700591931,1790700591970,1.60429,0.09723,,
hot_write,False,44.86874999999418,217487bc-c5c1-4eab-b201-9ba47e637526,live-1790700541150-read-8,host.v3.cfg.mwzMSMFtQBExQlrglWhKVdh8anVT8PtqLYaIyFo_uE4.d7d44f87-330e-4e69-97f6-d56db0ce45bf,1,3,3,1790700591970,1790700592015,7.359971,0.05691,,
hot_read,False,34.735083999999915,0f3b017d-8be6-45e0-b162-129ac4dd02ed,live-1790700541150-read-8,host.v3.cfg.mwzMSMFtQBExQlrglWhKVdh8anVT8PtqLYaIyFo_uE4.d7d44f87-330e-4e69-97f6-d56db0ce45bf,1,3,3,1790700592016,1790700592051,1.766541,0.103351,,
hot_write,False,40.021874999998545,20c38c85-69c8-46f3-b1a6-b61bc41ebb80,live-1790700541150-read-8,host.v3.cfg.mwzMSMFtQBExQlrglWhKVdh8anVT8PtqLYaIyFo_uE4.d7d44f87-330e-4e69-97f6-d56db0ce45bf,1,4,4,1790700592051,1790700592091,6.153461,0.067391,,
hot_read,False,36.65208300000086,7ad70a30-f690-42a1-a374-7080d2157d01,live-1790700541150-read-8,host.v3.cfg.mwzMSMFtQBExQlrglWhKVdh8anVT8PtqLYaIyFo_uE4.d7d44f87-330e-4e69-97f6-d56db0ce45bf,1,4,4,1790700592091,1790700592128,2.0025199999999996,0.08030999999999999,,
hot_write,False,45.93841599999723,e5d0efbc-c555-4e0b-a3da-4f7e244e8154,live-1790700541150-read-8,host.v3.cfg.mwzMSMFtQBExQlrglWhKVdh8anVT8PtqLYaIyFo_uE4.d7d44f87-330e-4e69-97f6-d56db0ce45bf,1,5,5,1790700592129,1790700592175,6.383681,0.08687,,
hot_read,False,36.077540999998746,b8212b06-a6e5-4db6-8c01-f399a28c0639,live-1790700541150-read-8,host.v3.cfg.mwzMSMFtQBExQlrglWhKVdh8anVT8PtqLYaIyFo_uE4.d7d44f87-330e-4e69-97f6-d56db0ce45bf,1,5,5,1790700592175,1790700592211,1.60631,0.07492,,
cold_write,False,226.9572079999998,2dbce776-69dc-42ef-921d-ceb754d2eef9,live-1790700541150-increment-9,host.v3.cfg.mwzMSMFtQBExQlrglWhKVdh8anVT8PtqLYaIyFo_uE4.250bf262-c4b0-4fa7-8fea-c68378d814a3,1,1,1,1790700592804,1790700593031,8.359182,0.052231,148.840365,186.51913000000002
hot_write,False,46.77912500000093,d0347639-a653-4207-93cd-5366a6da1637,live-1790700541150-increment-9,host.v3.cfg.mwzMSMFtQBExQlrglWhKVdh8anVT8PtqLYaIyFo_uE4.250bf262-c4b0-4fa7-8fea-c68378d814a3,1,2,2,1790700594108,1790700594154,6.656701999999999,0.06357,,
hot_read,False,61.86750000000029,d87c809b-c761-419f-b0d8-0449206731c6,live-1790700541150-increment-9,host.v3.cfg.mwzMSMFtQBExQlrglWhKVdh8anVT8PtqLYaIyFo_uE4.250bf262-c4b0-4fa7-8fea-c68378d814a3,1,2,2,1790700594155,1790700594217,1.649251,0.05973,,
hot_write,False,43.79791600000317,3ec340a5-769c-4b03-ad1d-0768febb749d,live-1790700541150-increment-9,host.v3.cfg.mwzMSMFtQBExQlrglWhKVdh8anVT8PtqLYaIyFo_uE4.250bf262-c4b0-4fa7-8fea-c68378d814a3,1,3,3,1790700594217,1790700594261,7.451012,0.05949,,
hot_read,False,44.943833000004815,9059c4df-55ee-4c91-8933-44134138c9a8,live-1790700541150-increment-9,host.v3.cfg.mwzMSMFtQBExQlrglWhKVdh8anVT8PtqLYaIyFo_uE4.250bf262-c4b0-4fa7-8fea-c68378d814a3,1,3,3,1790700594261,1790700594306,1.4633,0.08975999999999999,,
hot_write,False,41.78020799999649,790edf3e-c113-4312-b082-e5e70c1fd35c,live-1790700541150-increment-9,host.v3.cfg.mwzMSMFtQBExQlrglWhKVdh8anVT8PtqLYaIyFo_uE4.250bf262-c4b0-4fa7-8fea-c68378d814a3,1,4,4,1790700594307,1790700594349,6.519152,0.09266,,
hot_read,False,37.28054200000042,90c02e55-8a58-4525-97a2-9aa75aec0c9a,live-1790700541150-increment-9,host.v3.cfg.mwzMSMFtQBExQlrglWhKVdh8anVT8PtqLYaIyFo_uE4.250bf262-c4b0-4fa7-8fea-c68378d814a3,1,4,4,1790700594349,1790700594386,1.4161,0.09088,,
hot_write,False,60.59879099999671,a471eb04-9a5f-497f-a7d7-d95897a0b5c4,live-1790700541150-increment-9,host.v3.cfg.mwzMSMFtQBExQlrglWhKVdh8anVT8PtqLYaIyFo_uE4.250bf262-c4b0-4fa7-8fea-c68378d814a3,1,5,5,1790700594387,1790700594447,5.7666710000000005,0.07431,,
hot_read,False,39.89958299999853,58314af9-edf1-4982-8898-2893d75cce12,live-1790700541150-increment-9,host.v3.cfg.mwzMSMFtQBExQlrglWhKVdh8anVT8PtqLYaIyFo_uE4.250bf262-c4b0-4fa7-8fea-c68378d814a3,1,5,5,1790700594448,1790700594488,1.560701,0.11514,,
hot_write,False,42.966416999996,b832c6d5-9923-428f-8174-6bc5d97a1566,live-1790700541150-increment-9,host.v3.cfg.mwzMSMFtQBExQlrglWhKVdh8anVT8PtqLYaIyFo_uE4.250bf262-c4b0-4fa7-8fea-c68378d814a3,1,6,6,1790700594488,1790700594531,6.550572,0.11645,,
hot_read,False,35.88441600000078,aa51be98-6183-43a3-91c0-7ef84d143d06,live-1790700541150-increment-9,host.v3.cfg.mwzMSMFtQBExQlrglWhKVdh8anVT8PtqLYaIyFo_uE4.250bf262-c4b0-4fa7-8fea-c68378d814a3,1,6,6,1790700594532,1790700594568,1.53053,0.13563,,
cold_read,False,224.77283399999578,923c9297-9cbd-4596-93fa-127264284273,live-1790700541150-read-9,host.v3.cfg.mwzMSMFtQBExQlrglWhKVdh8anVT8PtqLYaIyFo_uE4.06f512c6-9597-418f-90ee-61bccedffdfa,1,0,0,1790700595205,1790700595430,9.97603,0.07801,154.62338400000002,182.14531300000002
hot_write,False,46.236291000001074,b583a6fc-aa53-4f6a-9ebb-79d49c62509b,live-1790700541150-read-9,host.v3.cfg.mwzMSMFtQBExQlrglWhKVdh8anVT8PtqLYaIyFo_uE4.06f512c6-9597-418f-90ee-61bccedffdfa,1,1,1,1790700596356,1790700596402,7.022709,0.05994,,
hot_read,False,34.17158300000301,a4b4033e-429f-4c47-8ce0-6246f8378cc0,live-1790700541150-read-9,host.v3.cfg.mwzMSMFtQBExQlrglWhKVdh8anVT8PtqLYaIyFo_uE4.06f512c6-9597-418f-90ee-61bccedffdfa,1,1,1,1790700596402,1790700596436,1.4422899999999998,0.08291,,
hot_write,False,40.79670900000201,f398fa38-dfa0-4864-856b-3e519f79065c,live-1790700541150-read-9,host.v3.cfg.mwzMSMFtQBExQlrglWhKVdh8anVT8PtqLYaIyFo_uE4.06f512c6-9597-418f-90ee-61bccedffdfa,1,2,2,1790700596437,1790700596478,7.382469,0.08733,,
hot_read,False,37.317833000000974,3b7e489e-cb1d-4508-be5b-e93f3abbbcbd,live-1790700541150-read-9,host.v3.cfg.mwzMSMFtQBExQlrglWhKVdh8anVT8PtqLYaIyFo_uE4.06f512c6-9597-418f-90ee-61bccedffdfa,1,2,2,1790700596478,1790700596516,2.22277,0.106321,,
hot_write,False,41.998915999996825,ad368eeb-3e60-4204-a635-929f9544cf04,live-1790700541150-read-9,host.v3.cfg.mwzMSMFtQBExQlrglWhKVdh8anVT8PtqLYaIyFo_uE4.06f512c6-9597-418f-90ee-61bccedffdfa,1,3,3,1790700596516,1790700596558,6.269109,0.077811,,
hot_read,False,35.60862500000076,9db5728a-6b7a-4c8f-afca-c8586f0fa440,live-1790700541150-read-9,host.v3.cfg.mwzMSMFtQBExQlrglWhKVdh8anVT8PtqLYaIyFo_uE4.06f512c6-9597-418f-90ee-61bccedffdfa,1,3,3,1790700596559,1790700596594,1.33348,0.05407,,
hot_write,False,37.70154200000252,dd88e102-0342-4003-bb8f-ba18d5a135a3,live-1790700541150-read-9,host.v3.cfg.mwzMSMFtQBExQlrglWhKVdh8anVT8PtqLYaIyFo_uE4.06f512c6-9597-418f-90ee-61bccedffdfa,1,4,4,1790700596595,1790700596632,5.988519,0.06868,,
hot_read,False,41.108875000005355,a9cfd182-1a9b-4501-a180-5f62b8c0e73f,live-1790700541150-read-9,host.v3.cfg.mwzMSMFtQBExQlrglWhKVdh8anVT8PtqLYaIyFo_uE4.06f512c6-9597-418f-90ee-61bccedffdfa,1,4,4,1790700596633,1790700596674,1.82441,0.07054999999999999,,
hot_write,False,36.84941699999763,803b5191-b66e-4266-81ae-6ccfa7259f64,live-1790700541150-read-9,host.v3.cfg.mwzMSMFtQBExQlrglWhKVdh8anVT8PtqLYaIyFo_uE4.06f512c6-9597-418f-90ee-61bccedffdfa,1,5,5,1790700596674,1790700596711,5.979629999999999,0.07765,,
hot_read,False,36.33574999999837,22b11820-aa2c-4a7c-b7c2-ed16d8f09beb,live-1790700541150-read-9,host.v3.cfg.mwzMSMFtQBExQlrglWhKVdh8anVT8PtqLYaIyFo_uE4.06f512c6-9597-418f-90ee-61bccedffdfa,1,5,5,1790700596712,1790700596748,1.74903,0.07764,,
cold_write,False,267.6744159999944,5dd1cce1-7571-479f-b19a-09d513d8486c,live-1790700541150-increment-10,host.v3.cfg.mwzMSMFtQBExQlrglWhKVdh8anVT8PtqLYaIyFo_uE4.1d137736-d2bd-42c4-86c6-fd69fd3b85d1,1,1,1,1790700597358,1790700597626,9.307911,0.09322,146.041729,171.40519600000002
hot_write,False,120.04254199999559,cf84d3f6-01ce-435d-925f-e572b85171d0,live-1790700541150-increment-10,host.v3.cfg.mwzMSMFtQBExQlrglWhKVdh8anVT8PtqLYaIyFo_uE4.1d137736-d2bd-42c4-86c6-fd69fd3b85d1,1,2,2,1790700599602,1790700599722,7.20977,0.05989,,
hot_read,False,104.00645800000348,b4063f38-bc24-4ca7-9c89-005872cd0bfc,live-1790700541150-increment-10,host.v3.cfg.mwzMSMFtQBExQlrglWhKVdh8anVT8PtqLYaIyFo_uE4.1d137736-d2bd-42c4-86c6-fd69fd3b85d1,1,2,2,1790700599723,1790700599827,1.46955,0.10197,,
hot_write,False,110.0477499999979,d659c75a-0510-4ee4-8fac-dbf67af6b0c4,live-1790700541150-increment-10,host.v3.cfg.mwzMSMFtQBExQlrglWhKVdh8anVT8PtqLYaIyFo_uE4.1d137736-d2bd-42c4-86c6-fd69fd3b85d1,1,3,3,1790700599827,1790700599938,7.93114,0.07918,,
hot_read,False,123.55304199999955,75cbc1c6-8108-4ce5-a29b-b2bc14dd1f98,live-1790700541150-increment-10,host.v3.cfg.mwzMSMFtQBExQlrglWhKVdh8anVT8PtqLYaIyFo_uE4.1d137736-d2bd-42c4-86c6-fd69fd3b85d1,1,3,3,1790700599938,1790700600062,1.45878,0.06393,,
hot_write,False,117.53808299999946,d8a7e421-1506-4244-a6da-11f1ae09f339,live-1790700541150-increment-10,host.v3.cfg.mwzMSMFtQBExQlrglWhKVdh8anVT8PtqLYaIyFo_uE4.1d137736-d2bd-42c4-86c6-fd69fd3b85d1,1,4,4,1790700600062,1790700600180,6.84957,0.16298,,
hot_read,False,113.9344590000037,9498aaed-6b28-4a22-991c-0c65bfbba496,live-1790700541150-increment-10,host.v3.cfg.mwzMSMFtQBExQlrglWhKVdh8anVT8PtqLYaIyFo_uE4.1d137736-d2bd-42c4-86c6-fd69fd3b85d1,1,4,4,1790700600180,1790700600294,1.51979,0.0758,,
hot_write,False,116.24375000000146,672f8c3e-6bfc-4381-b989-5d5ec2ec023c,live-1790700541150-increment-10,host.v3.cfg.mwzMSMFtQBExQlrglWhKVdh8anVT8PtqLYaIyFo_uE4.1d137736-d2bd-42c4-86c6-fd69fd3b85d1,1,5,5,1790700600295,1790700600411,5.980110000000001,0.07256,,
hot_read,False,109.77825000000303,1ef13a46-e948-4d93-ae42-2f8ad3a96622,live-1790700541150-increment-10,host.v3.cfg.mwzMSMFtQBExQlrglWhKVdh8anVT8PtqLYaIyFo_uE4.1d137736-d2bd-42c4-86c6-fd69fd3b85d1,1,5,5,1790700600411,1790700600521,1.71407,0.08854000000000001,,
hot_write,False,107.37629199999355,1bd30cfb-6095-44a7-8d2c-0ed99f33c8f8,live-1790700541150-increment-10,host.v3.cfg.mwzMSMFtQBExQlrglWhKVdh8anVT8PtqLYaIyFo_uE4.1d137736-d2bd-42c4-86c6-fd69fd3b85d1,1,6,6,1790700600522,1790700600629,6.557869,0.065819,,
hot_read,False,112.27066700000432,6c83cd07-a865-4eca-a485-1fe85cab1f39,live-1790700541150-increment-10,host.v3.cfg.mwzMSMFtQBExQlrglWhKVdh8anVT8PtqLYaIyFo_uE4.1d137736-d2bd-42c4-86c6-fd69fd3b85d1,1,6,6,1790700600629,1790700600742,1.57314,0.06611,,
cold_read,False,292.3721669999941,f72ff321-40d0-4829-9732-9ff41da571ac,live-1790700541150-read-10,host.v3.cfg.mwzMSMFtQBExQlrglWhKVdh8anVT8PtqLYaIyFo_uE4.fdf7e407-3247-42d5-8f44-78c07695b99d,1,0,0,1790700602290,1790700602582,9.53936,0.06763999999999999,141.44068900000002,170.293529
hot_write,False,42.740624999998545,8de26c63-aa3b-4272-af0d-562d31840b2e,live-1790700541150-read-10,host.v3.cfg.mwzMSMFtQBExQlrglWhKVdh8anVT8PtqLYaIyFo_uE4.fdf7e407-3247-42d5-8f44-78c07695b99d,1,1,1,1790700604236,1790700604279,6.4585099999999995,0.05782,,
hot_read,False,35.071875000001455,ebd82d8b-4f3c-4e0f-8ee7-629aefac781e,live-1790700541150-read-10,host.v3.cfg.mwzMSMFtQBExQlrglWhKVdh8anVT8PtqLYaIyFo_uE4.fdf7e407-3247-42d5-8f44-78c07695b99d,1,1,1,1790700604279,1790700604314,1.4255,0.05787,,
hot_write,False,40.13104200000089,d85f8c9d-1f27-43a5-8c61-63afbbc976f3,live-1790700541150-read-10,host.v3.cfg.mwzMSMFtQBExQlrglWhKVdh8anVT8PtqLYaIyFo_uE4.fdf7e407-3247-42d5-8f44-78c07695b99d,1,2,2,1790700604315,1790700604355,8.091839,0.06948,,
hot_read,False,35.32633399999759,07aa85f2-2ef7-4069-bcee-ea7434ce8a6d,live-1790700541150-read-10,host.v3.cfg.mwzMSMFtQBExQlrglWhKVdh8anVT8PtqLYaIyFo_uE4.fdf7e407-3247-42d5-8f44-78c07695b99d,1,2,2,1790700604355,1790700604391,1.774111,0.07784100000000001,,
hot_write,False,37.25187499999447,fdd4bae7-d3db-481c-afd4-01387f421e1d,live-1790700541150-read-10,host.v3.cfg.mwzMSMFtQBExQlrglWhKVdh8anVT8PtqLYaIyFo_uE4.fdf7e407-3247-42d5-8f44-78c07695b99d,1,3,3,1790700604391,1790700604428,6.636648999999999,0.06894,,
hot_read,False,34.26350000000093,50385fb3-73a9-4cee-89ce-17a9ae8ceae5,live-1790700541150-read-10,host.v3.cfg.mwzMSMFtQBExQlrglWhKVdh8anVT8PtqLYaIyFo_uE4.fdf7e407-3247-42d5-8f44-78c07695b99d,1,3,3,1790700604429,1790700604463,1.685601,0.060391,,
hot_write,False,38.90087499999936,29eba4e5-88ce-43ed-9500-e736e510f41f,live-1790700541150-read-10,host.v3.cfg.mwzMSMFtQBExQlrglWhKVdh8anVT8PtqLYaIyFo_uE4.fdf7e407-3247-42d5-8f44-78c07695b99d,1,4,4,1790700604463,1790700604502,5.60283,0.07401,,
hot_read,False,35.003124999995634,43d80b45-bfcf-4d3a-8f93-8cb82a997cff,live-1790700541150-read-10,host.v3.cfg.mwzMSMFtQBExQlrglWhKVdh8anVT8PtqLYaIyFo_uE4.fdf7e407-3247-42d5-8f44-78c07695b99d,1,4,4,1790700604502,1790700604537,1.36627,0.06181,,
hot_write,False,48.09445799999958,690d8e3d-ddea-4b8b-a371-be8ccac53f38,live-1790700541150-read-10,host.v3.cfg.mwzMSMFtQBExQlrglWhKVdh8anVT8PtqLYaIyFo_uE4.fdf7e407-3247-42d5-8f44-78c07695b99d,1,5,5,1790700604537,1790700604585,6.26221,0.078571,,
hot_read,False,36.31975000000239,d632c50a-8d2b-4cbf-bee6-f0d1f2c43931,live-1790700541150-read-10,host.v3.cfg.mwzMSMFtQBExQlrglWhKVdh8anVT8PtqLYaIyFo_uE4.fdf7e407-3247-42d5-8f44-78c07695b99d,1,5,5,1790700604586,1790700604622,1.3930399999999998,0.057711,,
cold_write,False,210.27679199999693,61e8b097-65ec-4478-9362-8bf4704c3480,live-1790700541150-increment-11,host.v3.cfg.mwzMSMFtQBExQlrglWhKVdh8anVT8PtqLYaIyFo_uE4.41484da8-d017-497e-aeef-b12ce9785c4f,1,1,1,1790700605304,1790700605514,8.769219999999999,0.089241,135.466476,168.314588
hot_write,False,44.35716700000194,93fbe43e-8cb4-493f-b85f-970109d5ca3d,live-1790700541150-increment-11,host.v3.cfg.mwzMSMFtQBExQlrglWhKVdh8anVT8PtqLYaIyFo_uE4.41484da8-d017-497e-aeef-b12ce9785c4f,1,2,2,1790700606396,1790700606441,6.753191,0.072131,,
hot_read,False,37.14787500000239,646c4a13-e794-442e-97b9-3934e58a2121,live-1790700541150-increment-11,host.v3.cfg.mwzMSMFtQBExQlrglWhKVdh8anVT8PtqLYaIyFo_uE4.41484da8-d017-497e-aeef-b12ce9785c4f,1,2,2,1790700606441,1790700606478,1.442261,0.068411,,
hot_write,False,39.80591700000514,1250b16e-c9a2-4003-a833-7af2dcbab4cc,live-1790700541150-increment-11,host.v3.cfg.mwzMSMFtQBExQlrglWhKVdh8anVT8PtqLYaIyFo_uE4.41484da8-d017-497e-aeef-b12ce9785c4f,1,3,3,1790700606479,1790700606518,6.62523,0.0699,,
hot_read,False,39.1674589999966,124401af-7889-4406-ad91-4c5daf312cab,live-1790700541150-increment-11,host.v3.cfg.mwzMSMFtQBExQlrglWhKVdh8anVT8PtqLYaIyFo_uE4.41484da8-d017-497e-aeef-b12ce9785c4f,1,3,3,1790700606519,1790700606558,1.4808899999999998,0.0904,,
hot_write,False,38.59862499999872,8bf7ceed-91ff-44df-ae65-31ef7b323d52,live-1790700541150-increment-11,host.v3.cfg.mwzMSMFtQBExQlrglWhKVdh8anVT8PtqLYaIyFo_uE4.41484da8-d017-497e-aeef-b12ce9785c4f,1,4,4,1790700606558,1790700606597,5.89022,0.06265000000000001,,
hot_read,False,43.07579099999566,d61b38de-4fbb-4206-9bd1-3594c850b301,live-1790700541150-increment-11,host.v3.cfg.mwzMSMFtQBExQlrglWhKVdh8anVT8PtqLYaIyFo_uE4.41484da8-d017-497e-aeef-b12ce9785c4f,1,4,4,1790700606598,1790700606641,1.19147,0.05909,,
hot_write,False,39.05758299999434,59d2083e-675e-47d6-8020-48ae02d69008,live-1790700541150-increment-11,host.v3.cfg.mwzMSMFtQBExQlrglWhKVdh8anVT8PtqLYaIyFo_uE4.41484da8-d017-497e-aeef-b12ce9785c4f,1,5,5,1790700606641,1790700606680,6.34569,0.08867,,
hot_read,False,36.124709000010625,2208ea12-c2a3-4103-95ff-f9d24ccf24dd,live-1790700541150-increment-11,host.v3.cfg.mwzMSMFtQBExQlrglWhKVdh8anVT8PtqLYaIyFo_uE4.41484da8-d017-497e-aeef-b12ce9785c4f,1,5,5,1790700606681,1790700606717,1.865791,0.080521,,
hot_write,False,36.53012500000477,d9ca3c2e-5fdd-43d8-94c8-18eb7ea105df,live-1790700541150-increment-11,host.v3.cfg.mwzMSMFtQBExQlrglWhKVdh8anVT8PtqLYaIyFo_uE4.41484da8-d017-497e-aeef-b12ce9785c4f,1,6,6,1790700606717,1790700606754,5.94792,0.08393,,
hot_read,False,37.12512500000594,c62dac0e-bdd0-42d2-b7bc-621b90e9fbbe,live-1790700541150-increment-11,host.v3.cfg.mwzMSMFtQBExQlrglWhKVdh8anVT8PtqLYaIyFo_uE4.41484da8-d017-497e-aeef-b12ce9785c4f,1,6,6,1790700606754,1790700606791,1.4286100000000002,0.12308,,
cold_read,False,206.23541699998896,4ba4a4d2-9e54-47f9-9516-507e9ad391d5,live-1790700541150-read-11,host.v3.cfg.mwzMSMFtQBExQlrglWhKVdh8anVT8PtqLYaIyFo_uE4.8b17f6fd-74b9-4c0c-b455-6fce3ed20d31,1,0,0,1790700607398,1790700607604,9.142809,0.114199,134.104606,164.00442700000002
hot_write,False,37.273832999999286,e9ced515-3408-4b47-9729-43df6386b53d,live-1790700541150-read-11,host.v3.cfg.mwzMSMFtQBExQlrglWhKVdh8anVT8PtqLYaIyFo_uE4.8b17f6fd-74b9-4c0c-b455-6fce3ed20d31,1,1,1,1790700608452,1790700608490,6.682599,0.06554,,
hot_read,False,35.085499999986496,15061315-aa8e-4ec4-ac5c-c1f1a12f15c5,live-1790700541150-read-11,host.v3.cfg.mwzMSMFtQBExQlrglWhKVdh8anVT8PtqLYaIyFo_uE4.8b17f6fd-74b9-4c0c-b455-6fce3ed20d31,1,1,1,1790700608490,1790700608525,1.44263,0.06047,,
hot_write,False,39.48462499999732,b1e59daa-f354-416c-8d25-f6c22a25fcd0,live-1790700541150-read-11,host.v3.cfg.mwzMSMFtQBExQlrglWhKVdh8anVT8PtqLYaIyFo_uE4.8b17f6fd-74b9-4c0c-b455-6fce3ed20d31,1,2,2,1790700608526,1790700608565,7.447439,0.10898,,
hot_read,False,36.22120800000266,79bd40fb-8e50-47fa-8187-7baafb5ae41c,live-1790700541150-read-11,host.v3.cfg.mwzMSMFtQBExQlrglWhKVdh8anVT8PtqLYaIyFo_uE4.8b17f6fd-74b9-4c0c-b455-6fce3ed20d31,1,2,2,1790700608565,1790700608602,2.52107,0.09352,,
hot_write,False,39.59133300000394,791a567b-b363-4a7b-99fb-a5e55113b232,live-1790700541150-read-11,host.v3.cfg.mwzMSMFtQBExQlrglWhKVdh8anVT8PtqLYaIyFo_uE4.8b17f6fd-74b9-4c0c-b455-6fce3ed20d31,1,3,3,1790700608602,1790700608642,6.110249,0.05977,,
hot_read,False,42.03154199999699,11f0e550-681d-456a-a4b8-15853ced6253,live-1790700541150-read-11,host.v3.cfg.mwzMSMFtQBExQlrglWhKVdh8anVT8PtqLYaIyFo_uE4.8b17f6fd-74b9-4c0c-b455-6fce3ed20d31,1,3,3,1790700608642,1790700608684,1.48218,0.08571000000000001,,
hot_write,False,39.91412499999569,768d9cd0-b1a4-4b4e-8b75-aa8ad6752c0b,live-1790700541150-read-11,host.v3.cfg.mwzMSMFtQBExQlrglWhKVdh8anVT8PtqLYaIyFo_uE4.8b17f6fd-74b9-4c0c-b455-6fce3ed20d31,1,4,4,1790700608685,1790700608725,5.404189000000001,0.05783,,
hot_read,False,34.380749999996624,fa54fe53-6049-4c01-bb26-b1d8f1fc0e0d,live-1790700541150-read-11,host.v3.cfg.mwzMSMFtQBExQlrglWhKVdh8anVT8PtqLYaIyFo_uE4.8b17f6fd-74b9-4c0c-b455-6fce3ed20d31,1,4,4,1790700608726,1790700608760,1.65059,0.06576,,
hot_write,False,36.11020799999824,f2fc6004-44a3-49bc-a662-88f45b0be672,live-1790700541150-read-11,host.v3.cfg.mwzMSMFtQBExQlrglWhKVdh8anVT8PtqLYaIyFo_uE4.8b17f6fd-74b9-4c0c-b455-6fce3ed20d31,1,5,5,1790700608761,1790700608797,5.84225,0.12562,,
hot_read,False,37.873208000004524,9a5a64a1-d205-4840-9909-70274ddeb877,live-1790700541150-read-11,host.v3.cfg.mwzMSMFtQBExQlrglWhKVdh8anVT8PtqLYaIyFo_uE4.8b17f6fd-74b9-4c0c-b455-6fce3ed20d31,1,5,5,1790700608797,1790700608835,1.63656,0.10421,,
cold_write,False,256.0927920000104,f2026882-d3c7-40e5-be10-ecbbb8d7e426,live-1790700541150-increment-12,host.v3.cfg.mwzMSMFtQBExQlrglWhKVdh8anVT8PtqLYaIyFo_uE4.0e1e92cc-0cc8-4e41-aa20-96b21c1c2b7f,1,1,1,1790700609595,1790700609851,9.632459,0.06535,143.511412,175.999572
hot_write,False,78.04316600000311,28ddb5e8-fb35-4714-964d-8fc5c9e037c1,live-1790700541150-increment-12,host.v3.cfg.mwzMSMFtQBExQlrglWhKVdh8anVT8PtqLYaIyFo_uE4.0e1e92cc-0cc8-4e41-aa20-96b21c1c2b7f,1,2,2,1790700611316,1790700611394,6.5482700000000005,0.08041,,
hot_read,False,69.94133399998827,9ffd72ba-90c0-4f7e-aa8c-079b3deec998,live-1790700541150-increment-12,host.v3.cfg.mwzMSMFtQBExQlrglWhKVdh8anVT8PtqLYaIyFo_uE4.0e1e92cc-0cc8-4e41-aa20-96b21c1c2b7f,1,2,2,1790700611394,1790700611464,1.396989,0.07386,,
hot_write,False,72.87862499999756,7a4bd329-a9b9-4957-b8f2-f4c3131dd7df,live-1790700541150-increment-12,host.v3.cfg.mwzMSMFtQBExQlrglWhKVdh8anVT8PtqLYaIyFo_uE4.0e1e92cc-0cc8-4e41-aa20-96b21c1c2b7f,1,3,3,1790700611465,1790700611537,6.502489000000001,0.07611,,
hot_read,False,77.66070900000341,f1c2d7e9-8734-4522-9d39-b8c971ee0050,live-1790700541150-increment-12,host.v3.cfg.mwzMSMFtQBExQlrglWhKVdh8anVT8PtqLYaIyFo_uE4.0e1e92cc-0cc8-4e41-aa20-96b21c1c2b7f,1,3,3,1790700611538,1790700611616,2.6462600000000003,0.08148,,
hot_write,False,88.74400000000605,552ad0a9-1a4a-4b4f-8d77-269d7696769f,live-1790700541150-increment-12,host.v3.cfg.mwzMSMFtQBExQlrglWhKVdh8anVT8PtqLYaIyFo_uE4.0e1e92cc-0cc8-4e41-aa20-96b21c1c2b7f,1,4,4,1790700611616,1790700611705,6.525709,0.06749000000000001,,
hot_read,False,63.41049999999814,417cf70c-32f1-4fae-87ee-95fd2a26fac8,live-1790700541150-increment-12,host.v3.cfg.mwzMSMFtQBExQlrglWhKVdh8anVT8PtqLYaIyFo_uE4.0e1e92cc-0cc8-4e41-aa20-96b21c1c2b7f,1,4,4,1790700611705,1790700611769,1.318269,0.06338,,
hot_write,False,82.5439170000027,c609ede3-35d4-4cca-bf16-ce57ca99f6d8,live-1790700541150-increment-12,host.v3.cfg.mwzMSMFtQBExQlrglWhKVdh8anVT8PtqLYaIyFo_uE4.0e1e92cc-0cc8-4e41-aa20-96b21c1c2b7f,1,5,5,1790700611769,1790700611852,6.37669,0.059809999999999995,,
hot_read,False,40.9986659999995,33158974-7f3d-4198-a205-6f0fc2ab5c10,live-1790700541150-increment-12,host.v3.cfg.mwzMSMFtQBExQlrglWhKVdh8anVT8PtqLYaIyFo_uE4.0e1e92cc-0cc8-4e41-aa20-96b21c1c2b7f,1,5,5,1790700611852,1790700611893,1.50713,0.06983,,
hot_write,False,82.33129099999496,2bf10dae-5dd7-499e-94e6-841f6a948e4c,live-1790700541150-increment-12,host.v3.cfg.mwzMSMFtQBExQlrglWhKVdh8anVT8PtqLYaIyFo_uE4.0e1e92cc-0cc8-4e41-aa20-96b21c1c2b7f,1,6,6,1790700611893,1790700611976,6.917129,0.16845,,
hot_read,False,79.19108300001244,b3782006-f159-4e10-9c4b-74b24a99456b,live-1790700541150-increment-12,host.v3.cfg.mwzMSMFtQBExQlrglWhKVdh8anVT8PtqLYaIyFo_uE4.0e1e92cc-0cc8-4e41-aa20-96b21c1c2b7f,1,6,6,1790700611976,1790700612055,2.133411,0.276291,,
cold_read,False,263.8752499999973,0e47de92-32c4-41bf-8a35-aaff95a41ea3,live-1790700541150-read-12,host.v3.cfg.mwzMSMFtQBExQlrglWhKVdh8anVT8PtqLYaIyFo_uE4.4815b301-668c-4245-b6ed-a28a1459cea1,1,0,0,1790700613040,1790700613304,9.521309,0.06735,142.687975,177.703352
hot_write,False,75.57387500000186,9dfb6bc2-8ddb-4d0d-a699-d04807f6f507,live-1790700541150-read-12,host.v3.cfg.mwzMSMFtQBExQlrglWhKVdh8anVT8PtqLYaIyFo_uE4.4815b301-668c-4245-b6ed-a28a1459cea1,1,1,1,1790700614869,1790700614944,6.853909,0.059120000000000006,,
hot_read,False,70.48649999999907,a5573f9a-2b09-418d-8e67-11a85a3a39c0,live-1790700541150-read-12,host.v3.cfg.mwzMSMFtQBExQlrglWhKVdh8anVT8PtqLYaIyFo_uE4.4815b301-668c-4245-b6ed-a28a1459cea1,1,1,1,1790700614945,1790700615015,1.477479,0.07054,,
hot_write,False,89.66099999999278,3a676a86-1463-4618-b2d6-114658af7679,live-1790700541150-read-12,host.v3.cfg.mwzMSMFtQBExQlrglWhKVdh8anVT8PtqLYaIyFo_uE4.4815b301-668c-4245-b6ed-a28a1459cea1,1,2,2,1790700615016,1790700615105,8.356149,0.05795,,
hot_read,False,60.49062499999127,d3ef6771-3584-4faa-a3e1-186aad0134d8,live-1790700541150-read-12,host.v3.cfg.mwzMSMFtQBExQlrglWhKVdh8anVT8PtqLYaIyFo_uE4.4815b301-668c-4245-b6ed-a28a1459cea1,1,2,2,1790700615106,1790700615166,1.60617,0.065141,,
hot_write,False,85.06645900000876,88ca5398-5659-4aa3-953e-8da11a75fa8c,live-1790700541150-read-12,host.v3.cfg.mwzMSMFtQBExQlrglWhKVdh8anVT8PtqLYaIyFo_uE4.4815b301-668c-4245-b6ed-a28a1459cea1,1,3,3,1790700615167,1790700615252,6.137308999999999,0.0778,,
hot_read,False,81.64608299999963,a623858e-0958-4576-9479-d72b1f3ec10d,live-1790700541150-read-12,host.v3.cfg.mwzMSMFtQBExQlrglWhKVdh8anVT8PtqLYaIyFo_uE4.4815b301-668c-4245-b6ed-a28a1459cea1,1,3,3,1790700615252,1790700615334,1.58334,0.088881,,
hot_write,False,75.16579199999978,bf0dcfbc-ff15-4225-867a-94b7aa5f0fa9,live-1790700541150-read-12,host.v3.cfg.mwzMSMFtQBExQlrglWhKVdh8anVT8PtqLYaIyFo_uE4.4815b301-668c-4245-b6ed-a28a1459cea1,1,4,4,1790700615335,1790700615410,5.980579,0.07318999999999999,,
hot_read,False,41.898667000001296,cd69497e-d9ee-4034-97a7-ecf5f08f5794,live-1790700541150-read-12,host.v3.cfg.mwzMSMFtQBExQlrglWhKVdh8anVT8PtqLYaIyFo_uE4.4815b301-668c-4245-b6ed-a28a1459cea1,1,4,4,1790700615410,1790700615452,1.53444,0.07779,,
hot_write,False,69.72770899999887,3086334b-7333-48f0-8663-486e76d4a478,live-1790700541150-read-12,host.v3.cfg.mwzMSMFtQBExQlrglWhKVdh8anVT8PtqLYaIyFo_uE4.4815b301-668c-4245-b6ed-a28a1459cea1,1,5,5,1790700615453,1790700615522,6.162959,0.06992,,
hot_read,False,86.89266599999974,572c0425-7310-4b7f-9a36-2928687d5f8f,live-1790700541150-read-12,host.v3.cfg.mwzMSMFtQBExQlrglWhKVdh8anVT8PtqLYaIyFo_uE4.4815b301-668c-4245-b6ed-a28a1459cea1,1,5,5,1790700615523,1790700615610,1.59299,0.06477000000000001,,
cold_write,False,264.51837499999965,02262ae0-2d86-4d15-8a8c-b5f63d9ead6b,live-1790700541150-increment-13,host.v3.cfg.mwzMSMFtQBExQlrglWhKVdh8anVT8PtqLYaIyFo_uE4.f20d2699-d775-4994-9a56-d902b50eefef,1,1,1,1790700616748,1790700617013,16.959229999999998,0.10293,165.310902,201.179447
hot_write,False,46.341792000006535,f39b469f-52ac-4af8-a0f1-97c202924115,live-1790700541150-increment-13,host.v3.cfg.mwzMSMFtQBExQlrglWhKVdh8anVT8PtqLYaIyFo_uE4.f20d2699-d775-4994-9a56-d902b50eefef,1,2,2,1790700617933,1790700617980,6.991149,0.066789,,
hot_read,False,35.93575000000419,2adc7842-c994-4bef-b24a-ab6b1ba52fdc,live-1790700541150-increment-13,host.v3.cfg.mwzMSMFtQBExQlrglWhKVdh8anVT8PtqLYaIyFo_uE4.f20d2699-d775-4994-9a56-d902b50eefef,1,2,2,1790700617980,1790700618016,1.57664,0.07329,,
hot_write,False,39.748374999995576,a1ba19a0-3ac8-4fca-ad40-e93154108fde,live-1790700541150-increment-13,host.v3.cfg.mwzMSMFtQBExQlrglWhKVdh8anVT8PtqLYaIyFo_uE4.f20d2699-d775-4994-9a56-d902b50eefef,1,3,3,1790700618017,1790700618056,7.51511,0.06784,,
hot_read,False,37.56708300000173,3dddc2d8-375f-40eb-8b9d-fcb313287b4d,live-1790700541150-increment-13,host.v3.cfg.mwzMSMFtQBExQlrglWhKVdh8anVT8PtqLYaIyFo_uE4.f20d2699-d775-4994-9a56-d902b50eefef,1,3,3,1790700618057,1790700618094,1.6488900000000002,0.17027,,
hot_write,False,38.67333399999188,80130e3d-137a-4a83-b184-2397b31371ec,live-1790700541150-increment-13,host.v3.cfg.mwzMSMFtQBExQlrglWhKVdh8anVT8PtqLYaIyFo_uE4.f20d2699-d775-4994-9a56-d902b50eefef,1,4,4,1790700618095,1790700618133,6.74401,0.07367,,
hot_read,False,50.45474999998987,ffa14e9c-3970-42da-8560-26db9d893aac,live-1790700541150-increment-13,host.v3.cfg.mwzMSMFtQBExQlrglWhKVdh8anVT8PtqLYaIyFo_uE4.f20d2699-d775-4994-9a56-d902b50eefef,1,4,4,1790700618134,1790700618184,1.33458,0.0667,,
hot_write,False,37.216290999989724,2f89b26b-e34d-44a7-a74c-222e920055dc,live-1790700541150-increment-13,host.v3.cfg.mwzMSMFtQBExQlrglWhKVdh8anVT8PtqLYaIyFo_uE4.f20d2699-d775-4994-9a56-d902b50eefef,1,5,5,1790700618185,1790700618222,6.189240000000001,0.07986900000000001,,
hot_read,False,36.134834000011324,d0a110a4-5291-4a1b-84c4-9dc3e33d9833,live-1790700541150-increment-13,host.v3.cfg.mwzMSMFtQBExQlrglWhKVdh8anVT8PtqLYaIyFo_uE4.f20d2699-d775-4994-9a56-d902b50eefef,1,5,5,1790700618223,1790700618259,1.64835,0.060069,,
hot_write,False,38.11579100000381,1b06f274-4bd4-4c1e-8b89-2071eaf78a24,live-1790700541150-increment-13,host.v3.cfg.mwzMSMFtQBExQlrglWhKVdh8anVT8PtqLYaIyFo_uE4.f20d2699-d775-4994-9a56-d902b50eefef,1,6,6,1790700618259,1790700618297,5.96175,0.06248,,
hot_read,False,37.89095800000359,39caf880-e1c0-492f-bad0-34a181768b35,live-1790700541150-increment-13,host.v3.cfg.mwzMSMFtQBExQlrglWhKVdh8anVT8PtqLYaIyFo_uE4.f20d2699-d775-4994-9a56-d902b50eefef,1,6,6,1790700618298,1790700618336,1.6209,0.07291,,
cold_read,False,234.50541699999303,28a958e1-5bf1-48cb-af0b-2b0ae3570ca6,live-1790700541150-read-13,host.v3.cfg.mwzMSMFtQBExQlrglWhKVdh8anVT8PtqLYaIyFo_uE4.43919c86-e043-4938-9e9b-c721b0246271,1,0,0,1790700618964,1790700619198,9.572318999999998,0.07829,152.19340400000002,186.210588
hot_write,False,39.827707999997074,ddc7630b-9df0-4fe4-b40b-0c9f8799254f,live-1790700541150-read-13,host.v3.cfg.mwzMSMFtQBExQlrglWhKVdh8anVT8PtqLYaIyFo_uE4.43919c86-e043-4938-9e9b-c721b0246271,1,1,1,1790700620121,1790700620160,7.812549000000001,0.09437,,
hot_read,False,36.33512499999779,2d92ba09-7700-40e1-be00-9b7d230bfeee,live-1790700541150-read-13,host.v3.cfg.mwzMSMFtQBExQlrglWhKVdh8anVT8PtqLYaIyFo_uE4.43919c86-e043-4938-9e9b-c721b0246271,1,1,1,1790700620161,1790700620197,1.467179,0.07933899999999999,,
hot_write,False,38.05295899999328,20450a5b-7495-4c99-b966-068f611245e7,live-1790700541150-read-13,host.v3.cfg.mwzMSMFtQBExQlrglWhKVdh8anVT8PtqLYaIyFo_uE4.43919c86-e043-4938-9e9b-c721b0246271,1,2,2,1790700620198,1790700620236,7.08077,0.08021,,
hot_read,False,43.192792000001646,5d986ca4-cc9c-45a1-8e10-1b596609fd60,live-1790700541150-read-13,host.v3.cfg.mwzMSMFtQBExQlrglWhKVdh8anVT8PtqLYaIyFo_uE4.43919c86-e043-4938-9e9b-c721b0246271,1,2,2,1790700620236,1790700620279,2.48101,0.07776999999999999,,
hot_write,False,45.16004200000316,ce80b16c-fa0f-4c9f-9ae9-cf3327b606be,live-1790700541150-read-13,host.v3.cfg.mwzMSMFtQBExQlrglWhKVdh8anVT8PtqLYaIyFo_uE4.43919c86-e043-4938-9e9b-c721b0246271,1,3,3,1790700620280,1790700620325,7.682818999999999,0.08097,,
hot_read,False,37.398958999998285,afd0ea0b-bb07-4d5a-95f9-0d6de39af2fd,live-1790700541150-read-13,host.v3.cfg.mwzMSMFtQBExQlrglWhKVdh8anVT8PtqLYaIyFo_uE4.43919c86-e043-4938-9e9b-c721b0246271,1,3,3,1790700620325,1790700620363,1.52146,0.0748,,
hot_write,False,39.44258400000399,84247c0f-ede7-4179-a7e3-df433684612f,live-1790700541150-read-13,host.v3.cfg.mwzMSMFtQBExQlrglWhKVdh8anVT8PtqLYaIyFo_uE4.43919c86-e043-4938-9e9b-c721b0246271,1,4,4,1790700620363,1790700620403,5.8255490000000005,0.10817,,
hot_read,False,35.73016700000153,f49f0518-8205-4907-80f8-8ffc21ac93e3,live-1790700541150-read-13,host.v3.cfg.mwzMSMFtQBExQlrglWhKVdh8anVT8PtqLYaIyFo_uE4.43919c86-e043-4938-9e9b-c721b0246271,1,4,4,1790700620403,1790700620439,1.787519,0.064949,,
hot_write,False,41.01333300000988,c32a65f1-d503-49bf-ba5d-ec5c15d6a78a,live-1790700541150-read-13,host.v3.cfg.mwzMSMFtQBExQlrglWhKVdh8anVT8PtqLYaIyFo_uE4.43919c86-e043-4938-9e9b-c721b0246271,1,5,5,1790700620439,1790700620480,6.768879,0.09704,,
hot_read,False,35.93554100001347,20a14e62-70c7-469a-a49a-19ec35097212,live-1790700541150-read-13,host.v3.cfg.mwzMSMFtQBExQlrglWhKVdh8anVT8PtqLYaIyFo_uE4.43919c86-e043-4938-9e9b-c721b0246271,1,5,5,1790700620481,1790700620517,1.4054600000000002,0.07392,,
cold_write,False,207.23637500000768,028d9d3b-d6f7-42cc-b8cf-3fc2495ce5cd,live-1790700541150-increment-14,host.v3.cfg.mwzMSMFtQBExQlrglWhKVdh8anVT8PtqLYaIyFo_uE4.0189038f-1847-4678-8006-0a36b2f30e3f,1,1,1,1790700621183,1790700621390,8.88139,0.10391,131.37633000000002,164.310464
hot_write,False,42.678916999997455,76c92a58-8614-456d-9fca-247fab719681,live-1790700541150-increment-14,host.v3.cfg.mwzMSMFtQBExQlrglWhKVdh8anVT8PtqLYaIyFo_uE4.0189038f-1847-4678-8006-0a36b2f30e3f,1,2,2,1790700622268,1790700622311,7.49762,0.11002,,
hot_read,False,35.0537500000064,72840615-c4ad-42d0-b7f8-c2ea12f822d0,live-1790700541150-increment-14,host.v3.cfg.mwzMSMFtQBExQlrglWhKVdh8anVT8PtqLYaIyFo_uE4.0189038f-1847-4678-8006-0a36b2f30e3f,1,2,2,1790700622311,1790700622346,1.59255,0.08275,,
hot_write,False,42.96512499998789,ee0949f9-3ed8-4f3e-8b0c-b79de530f8b0,live-1790700541150-increment-14,host.v3.cfg.mwzMSMFtQBExQlrglWhKVdh8anVT8PtqLYaIyFo_uE4.0189038f-1847-4678-8006-0a36b2f30e3f,1,3,3,1790700622347,1790700622390,9.65333,0.14887999999999998,,
hot_read,False,36.83550000000105,1bf5a8e1-e60a-4954-a8ff-261b0bfa6a3f,live-1790700541150-increment-14,host.v3.cfg.mwzMSMFtQBExQlrglWhKVdh8anVT8PtqLYaIyFo_uE4.0189038f-1847-4678-8006-0a36b2f30e3f,1,3,3,1790700622390,1790700622427,1.6543,0.0735,,
hot_write,False,43.781540999989375,4a0dd411-8ae3-4eed-8c15-1bc9a413fa13,live-1790700541150-increment-14,host.v3.cfg.mwzMSMFtQBExQlrglWhKVdh8anVT8PtqLYaIyFo_uE4.0189038f-1847-4678-8006-0a36b2f30e3f,1,4,4,1790700622427,1790700622471,8.866570000000001,0.09741,,
hot_read,False,39.32270799999242,fc2e2c34-b6fb-47bf-ae6b-38e853c6a562,live-1790700541150-increment-14,host.v3.cfg.mwzMSMFtQBExQlrglWhKVdh8anVT8PtqLYaIyFo_uE4.0189038f-1847-4678-8006-0a36b2f30e3f,1,4,4,1790700622472,1790700622511,1.41175,0.07218899999999999,,
hot_write,False,38.437000000005355,254ceb68-3206-4425-b5aa-d052a4c9b8bd,live-1790700541150-increment-14,host.v3.cfg.mwzMSMFtQBExQlrglWhKVdh8anVT8PtqLYaIyFo_uE4.0189038f-1847-4678-8006-0a36b2f30e3f,1,5,5,1790700622511,1790700622550,6.12253,0.07711,,
hot_read,False,41.24987499999406,29628b9b-e2f2-4510-8bc0-0b7b91f33e81,live-1790700541150-increment-14,host.v3.cfg.mwzMSMFtQBExQlrglWhKVdh8anVT8PtqLYaIyFo_uE4.0189038f-1847-4678-8006-0a36b2f30e3f,1,5,5,1790700622550,1790700622592,1.44448,0.060149999999999995,,
hot_write,False,38.83029100000567,223c879b-cc01-4713-a72b-37966e72b474,live-1790700541150-increment-14,host.v3.cfg.mwzMSMFtQBExQlrglWhKVdh8anVT8PtqLYaIyFo_uE4.0189038f-1847-4678-8006-0a36b2f30e3f,1,6,6,1790700622592,1790700622631,6.33522,0.10119,,
hot_read,False,35.09404199999699,9e372347-0bea-4f83-8b41-b515307d43e4,live-1790700541150-increment-14,host.v3.cfg.mwzMSMFtQBExQlrglWhKVdh8anVT8PtqLYaIyFo_uE4.0189038f-1847-4678-8006-0a36b2f30e3f,1,6,6,1790700622631,1790700622666,1.490669,0.05704,,
cold_read,False,215.2334589999955,4dd17de9-2229-484a-9dc0-00cc919e41cc,live-1790700541150-read-14,host.v3.cfg.mwzMSMFtQBExQlrglWhKVdh8anVT8PtqLYaIyFo_uE4.0420fa1d-0dd1-4a6a-bbed-a3d0a6398fbb,1,0,0,1790700623323,1790700623539,8.978679999999999,0.06622,144.969795,174.51687299999998
hot_write,False,46.74595799999952,908ce013-26df-46f1-b7c7-73a7409e36b0,live-1790700541150-read-14,host.v3.cfg.mwzMSMFtQBExQlrglWhKVdh8anVT8PtqLYaIyFo_uE4.0420fa1d-0dd1-4a6a-bbed-a3d0a6398fbb,1,1,1,1790700624412,1790700624459,7.47654,0.065341,,
hot_read,False,35.19054200001119,549c2d19-d847-485b-a26b-e7d4001e6da6,live-1790700541150-read-14,host.v3.cfg.mwzMSMFtQBExQlrglWhKVdh8anVT8PtqLYaIyFo_uE4.0420fa1d-0dd1-4a6a-bbed-a3d0a6398fbb,1,1,1,1790700624459,1790700624494,1.25972,0.07299,,
hot_write,False,38.973832999996375,e3e3d4d3-0609-44a3-808d-7cf765638bd6,live-1790700541150-read-14,host.v3.cfg.mwzMSMFtQBExQlrglWhKVdh8anVT8PtqLYaIyFo_uE4.0420fa1d-0dd1-4a6a-bbed-a3d0a6398fbb,1,2,2,1790700624495,1790700624534,6.789969,0.06892,,
hot_read,False,34.430959000004805,596be94c-e0b3-44e2-a663-63b3bcef6ee7,live-1790700541150-read-14,host.v3.cfg.mwzMSMFtQBExQlrglWhKVdh8anVT8PtqLYaIyFo_uE4.0420fa1d-0dd1-4a6a-bbed-a3d0a6398fbb,1,2,2,1790700624534,1790700624568,1.56424,0.06046,,
hot_write,False,45.28795799998625,d62dea0d-2622-4a13-9fba-9969a804f7c2,live-1790700541150-read-14,host.v3.cfg.mwzMSMFtQBExQlrglWhKVdh8anVT8PtqLYaIyFo_uE4.0420fa1d-0dd1-4a6a-bbed-a3d0a6398fbb,1,3,3,1790700624569,1790700624614,6.440259,0.07476,,
hot_read,False,36.2233750000014,aac992e1-2b36-4191-8c33-dc86617f9b65,live-1790700541150-read-14,host.v3.cfg.mwzMSMFtQBExQlrglWhKVdh8anVT8PtqLYaIyFo_uE4.0420fa1d-0dd1-4a6a-bbed-a3d0a6398fbb,1,3,3,1790700624615,1790700624651,1.46326,0.07482000000000001,,
hot_write,False,37.11424999999872,9d1fafdb-68a1-45c0-81d6-66614d0dbb43,live-1790700541150-read-14,host.v3.cfg.mwzMSMFtQBExQlrglWhKVdh8anVT8PtqLYaIyFo_uE4.0420fa1d-0dd1-4a6a-bbed-a3d0a6398fbb,1,4,4,1790700624651,1790700624688,5.833760000000001,0.05627,,
hot_read,False,40.16112499999872,064364c0-4701-4df9-8df9-863bd38ec0bd,live-1790700541150-read-14,host.v3.cfg.mwzMSMFtQBExQlrglWhKVdh8anVT8PtqLYaIyFo_uE4.0420fa1d-0dd1-4a6a-bbed-a3d0a6398fbb,1,4,4,1790700624689,1790700624729,1.34678,0.047630000000000006,,
hot_write,False,35.3715830000001,4f52c530-fdcd-46d3-bcf6-2fcb83115957,live-1790700541150-read-14,host.v3.cfg.mwzMSMFtQBExQlrglWhKVdh8anVT8PtqLYaIyFo_uE4.0420fa1d-0dd1-4a6a-bbed-a3d0a6398fbb,1,5,5,1790700624730,1790700624765,6.089329,0.082,,
hot_read,False,36.135332999998354,18068b21-7327-4853-b77b-d8976d63a33f,live-1790700541150-read-14,host.v3.cfg.mwzMSMFtQBExQlrglWhKVdh8anVT8PtqLYaIyFo_uE4.0420fa1d-0dd1-4a6a-bbed-a3d0a6398fbb,1,5,5,1790700624765,1790700624801,1.5392400000000002,0.061591,,
cold_write,False,215.6529589999991,0521f5d4-e89c-4ba6-ad40-23975c7f1a89,live-1790700541150-increment-15,host.v3.cfg.mwzMSMFtQBExQlrglWhKVdh8anVT8PtqLYaIyFo_uE4.ca90b1a6-ce0c-42c8-9ba6-e7553c4a5058,1,1,1,1790700625553,1790700625768,8.24785,0.0348,143.61600099999998,174.76993199999998
hot_write,False,37.31312500000058,d0f8e262-afeb-4338-ab72-8f0b877a1c29,live-1790700541150-increment-15,host.v3.cfg.mwzMSMFtQBExQlrglWhKVdh8anVT8PtqLYaIyFo_uE4.ca90b1a6-ce0c-42c8-9ba6-e7553c4a5058,1,2,2,1790700626862,1790700626900,6.57799,0.07402,,
hot_read,False,33.92770799998834,6d683374-8819-459c-b1d9-daa4a6a66129,live-1790700541150-increment-15,host.v3.cfg.mwzMSMFtQBExQlrglWhKVdh8anVT8PtqLYaIyFo_uE4.ca90b1a6-ce0c-42c8-9ba6-e7553c4a5058,1,2,2,1790700626900,1790700626934,1.43778,0.070411,,
hot_write,False,40.7825840000005,01110753-e0cb-4132-8e07-903aabe96f2b,live-1790700541150-increment-15,host.v3.cfg.mwzMSMFtQBExQlrglWhKVdh8anVT8PtqLYaIyFo_uE4.ca90b1a6-ce0c-42c8-9ba6-e7553c4a5058,1,3,3,1790700626934,1790700626975,8.095790000000001,0.0664,,
hot_read,False,44.3572920000006,a82823f9-4a9f-475a-953a-6df59fb93a59,live-1790700541150-increment-15,host.v3.cfg.mwzMSMFtQBExQlrglWhKVdh8anVT8PtqLYaIyFo_uE4.ca90b1a6-ce0c-42c8-9ba6-e7553c4a5058,1,3,3,1790700626976,1790700627020,1.76764,0.06739,,
hot_write,False,40.862292000005255,7db80079-83c6-4bd7-8364-b45246aba2ee,live-1790700541150-increment-15,host.v3.cfg.mwzMSMFtQBExQlrglWhKVdh8anVT8PtqLYaIyFo_uE4.ca90b1a6-ce0c-42c8-9ba6-e7553c4a5058,1,4,4,1790700627020,1790700627061,7.651469,0.089629,,
hot_read,False,36.02995799999917,e367f584-4d41-445b-a39d-7f4524f70c75,live-1790700541150-increment-15,host.v3.cfg.mwzMSMFtQBExQlrglWhKVdh8anVT8PtqLYaIyFo_uE4.ca90b1a6-ce0c-42c8-9ba6-e7553c4a5058,1,4,4,1790700627062,1790700627098,1.58201,0.06357,,
hot_write,False,39.27229100000113,e7a7f63a-319c-418c-9a42-392f8822cfd2,live-1790700541150-increment-15,host.v3.cfg.mwzMSMFtQBExQlrglWhKVdh8anVT8PtqLYaIyFo_uE4.ca90b1a6-ce0c-42c8-9ba6-e7553c4a5058,1,5,5,1790700627098,1790700627138,6.14095,0.07826,,
hot_read,False,34.546375000005355,cdd09d55-1f00-4563-b929-c10f854fcaa5,live-1790700541150-increment-15,host.v3.cfg.mwzMSMFtQBExQlrglWhKVdh8anVT8PtqLYaIyFo_uE4.ca90b1a6-ce0c-42c8-9ba6-e7553c4a5058,1,5,5,1790700627138,1790700627173,1.70566,0.07075999999999999,,
hot_write,False,37.167874999999185,0477b33a-0693-49be-98e1-dd14d7cdaf17,live-1790700541150-increment-15,host.v3.cfg.mwzMSMFtQBExQlrglWhKVdh8anVT8PtqLYaIyFo_uE4.ca90b1a6-ce0c-42c8-9ba6-e7553c4a5058,1,6,6,1790700627173,1790700627210,5.8419989999999995,0.07561999999999999,,
hot_read,False,38.63062499999069,7d453ac8-575a-4a01-8c43-19f4119f66ef,live-1790700541150-increment-15,host.v3.cfg.mwzMSMFtQBExQlrglWhKVdh8anVT8PtqLYaIyFo_uE4.ca90b1a6-ce0c-42c8-9ba6-e7553c4a5058,1,6,6,1790700627211,1790700627249,2.56145,0.07002,,
cold_read,False,238.62287500000093,add24701-d336-4bb4-86f5-708ff61775c2,live-1790700541150-read-15,host.v3.cfg.mwzMSMFtQBExQlrglWhKVdh8anVT8PtqLYaIyFo_uE4.c0fd4966-628f-418e-830a-c49adcd5c6bf,1,0,0,1790700628014,1790700628252,9.56233,0.05277,167.46269999999998,195.35617399999998
hot_write,False,92.38666699999885,c2175827-d2a6-4f97-824d-31cb016191e3,live-1790700541150-read-15,host.v3.cfg.mwzMSMFtQBExQlrglWhKVdh8anVT8PtqLYaIyFo_uE4.c0fd4966-628f-418e-830a-c49adcd5c6bf,1,1,1,1790700629220,1790700629312,6.84154,0.07307999999999999,,
hot_read,False,63.038000000000466,8c9448b5-0335-4b37-9f6f-eae289f318a1,live-1790700541150-read-15,host.v3.cfg.mwzMSMFtQBExQlrglWhKVdh8anVT8PtqLYaIyFo_uE4.c0fd4966-628f-418e-830a-c49adcd5c6bf,1,1,1,1790700629313,1790700629376,2.03902,0.061439999999999995,,
hot_write,False,72.52262499999779,53ec0f1a-0d2a-4eef-bb31-abb26cdf11e6,live-1790700541150-read-15,host.v3.cfg.mwzMSMFtQBExQlrglWhKVdh8anVT8PtqLYaIyFo_uE4.c0fd4966-628f-418e-830a-c49adcd5c6bf,1,2,2,1790700629376,1790700629449,7.52474,0.05551,,
hot_read,False,66.90766700000677,dcdca031-7151-464b-af31-d7f9f48befe3,live-1790700541150-read-15,host.v3.cfg.mwzMSMFtQBExQlrglWhKVdh8anVT8PtqLYaIyFo_uE4.c0fd4966-628f-418e-830a-c49adcd5c6bf,1,2,2,1790700629449,1790700629516,3.22267,0.07711,,
hot_write,False,66.59208400000352,2c38a573-31ab-4ec7-93da-2a082230b221,live-1790700541150-read-15,host.v3.cfg.mwzMSMFtQBExQlrglWhKVdh8anVT8PtqLYaIyFo_uE4.c0fd4966-628f-418e-830a-c49adcd5c6bf,1,3,3,1790700629517,1790700629583,5.845451,0.06289,,
hot_read,False,39.743166999993264,51ac776b-d53b-4912-b869-a0bd373cffdb,live-1790700541150-read-15,host.v3.cfg.mwzMSMFtQBExQlrglWhKVdh8anVT8PtqLYaIyFo_uE4.c0fd4966-628f-418e-830a-c49adcd5c6bf,1,3,3,1790700629584,1790700629624,2.09427,0.08645,,
hot_write,False,78.56458400000702,c50039b4-1bb9-4ad5-b79d-2e44ebabf364,live-1790700541150-read-15,host.v3.cfg.mwzMSMFtQBExQlrglWhKVdh8anVT8PtqLYaIyFo_uE4.c0fd4966-628f-418e-830a-c49adcd5c6bf,1,4,4,1790700629624,1790700629703,5.6765,0.07694000000000001,,
hot_read,False,109.66954200000328,8f856a04-9a9a-43f1-962f-379c962b56d6,live-1790700541150-read-15,host.v3.cfg.mwzMSMFtQBExQlrglWhKVdh8anVT8PtqLYaIyFo_uE4.c0fd4966-628f-418e-830a-c49adcd5c6bf,1,4,4,1790700629703,1790700629813,2.50903,0.07313,,
hot_write,False,54.103584000011324,164c2499-62b1-4a12-88f1-05c908c8fc94,live-1790700541150-read-15,host.v3.cfg.mwzMSMFtQBExQlrglWhKVdh8anVT8PtqLYaIyFo_uE4.c0fd4966-628f-418e-830a-c49adcd5c6bf,1,5,5,1790700629813,1790700629868,6.8058,0.16572,,
hot_read,False,72.45891699999629,29659599-c5e0-4f6c-86c2-eeba4af6f15c,live-1790700541150-read-15,host.v3.cfg.mwzMSMFtQBExQlrglWhKVdh8anVT8PtqLYaIyFo_uE4.c0fd4966-628f-418e-830a-c49adcd5c6bf,1,5,5,1790700629868,1790700629940,1.37692,0.06496,,
cold_write,False,256.56045900000026,8c0c2d9e-a2ee-435d-9eeb-ba5c5a335094,live-1790700541150-increment-16,host.v3.cfg.mwzMSMFtQBExQlrglWhKVdh8anVT8PtqLYaIyFo_uE4.0ebf3191-74fa-4da5-8a0c-af4444ccd646,1,1,1,1790700631256,1790700631513,10.04365,0.09677,140.45065100000002,174.32985000000002
hot_write,False,83.38554199998907,17b14b1a-2cb5-41bb-8d85-d87154b4861c,live-1790700541150-increment-16,host.v3.cfg.mwzMSMFtQBExQlrglWhKVdh8anVT8PtqLYaIyFo_uE4.0ebf3191-74fa-4da5-8a0c-af4444ccd646,1,2,2,1790700632869,1790700632952,7.848501000000001,0.550081,,
hot_read,False,80.87970800000767,12fc29ce-c481-402e-a6e5-79bcd7e9111d,live-1790700541150-increment-16,host.v3.cfg.mwzMSMFtQBExQlrglWhKVdh8anVT8PtqLYaIyFo_uE4.0ebf3191-74fa-4da5-8a0c-af4444ccd646,1,2,2,1790700632953,1790700633033,1.84819,0.1539,,
hot_write,False,45.0827500000014,764fdb8c-bbb5-42b8-ac2d-51a06462e18a,live-1790700541150-increment-16,host.v3.cfg.mwzMSMFtQBExQlrglWhKVdh8anVT8PtqLYaIyFo_uE4.0ebf3191-74fa-4da5-8a0c-af4444ccd646,1,3,3,1790700633034,1790700633079,10.23024,0.06707,,
hot_read,False,83.13558400000329,840a722b-350f-475e-a7af-37b005a71029,live-1790700541150-increment-16,host.v3.cfg.mwzMSMFtQBExQlrglWhKVdh8anVT8PtqLYaIyFo_uE4.0ebf3191-74fa-4da5-8a0c-af4444ccd646,1,3,3,1790700633079,1790700633162,5.37964,0.08074,,
hot_write,False,67.10566599998856,f272d9dd-cbb0-4922-8090-3bb574014d24,live-1790700541150-increment-16,host.v3.cfg.mwzMSMFtQBExQlrglWhKVdh8anVT8PtqLYaIyFo_uE4.0ebf3191-74fa-4da5-8a0c-af4444ccd646,1,4,4,1790700633163,1790700633230,7.77206,0.09044,,
hot_read,False,53.29145900000003,76b3f11c-8fc1-43a3-baef-46032613dd84,live-1790700541150-increment-16,host.v3.cfg.mwzMSMFtQBExQlrglWhKVdh8anVT8PtqLYaIyFo_uE4.0ebf3191-74fa-4da5-8a0c-af4444ccd646,1,4,4,1790700633230,1790700633284,1.457071,0.0809,,
hot_write,False,40.42304100000183,bcedbb85-abae-4637-997c-ef49df01a18f,live-1790700541150-increment-16,host.v3.cfg.mwzMSMFtQBExQlrglWhKVdh8anVT8PtqLYaIyFo_uE4.0ebf3191-74fa-4da5-8a0c-af4444ccd646,1,5,5,1790700633284,1790700633325,7.19003,0.06770000000000001,,
hot_read,False,101.49216700000397,0514c760-6be3-4bb8-907c-782229c178e9,live-1790700541150-increment-16,host.v3.cfg.mwzMSMFtQBExQlrglWhKVdh8anVT8PtqLYaIyFo_uE4.0ebf3191-74fa-4da5-8a0c-af4444ccd646,1,5,5,1790700633325,1790700633426,2.10494,0.09941,,
hot_write,False,87.28549999999814,79eaeec7-be23-4e81-901c-1c0cf0dd2606,live-1790700541150-increment-16,host.v3.cfg.mwzMSMFtQBExQlrglWhKVdh8anVT8PtqLYaIyFo_uE4.0ebf3191-74fa-4da5-8a0c-af4444ccd646,1,6,6,1790700633427,1790700633514,6.003310000000001,0.07141,,
hot_read,False,47.96524999999383,42805253-fb7d-4bdd-adfa-3b3e7cfc8894,live-1790700541150-increment-16,host.v3.cfg.mwzMSMFtQBExQlrglWhKVdh8anVT8PtqLYaIyFo_uE4.0ebf3191-74fa-4da5-8a0c-af4444ccd646,1,6,6,1790700633514,1790700633562,1.733229,0.07811,,
cold_read,False,245.7544579999958,7075d031-59f5-4fc7-b367-5466d7d696e5,live-1790700541150-read-16,host.v3.cfg.mwzMSMFtQBExQlrglWhKVdh8anVT8PtqLYaIyFo_uE4.07c9ce81-e618-4113-9ded-b8f3b5ef143b,1,0,0,1790700634470,1790700634716,11.364779,0.09657,137.910625,165.021387
hot_write,False,84.51720899999782,169de9d9-b9b3-4864-bf36-8fe797d2d404,live-1790700541150-read-16,host.v3.cfg.mwzMSMFtQBExQlrglWhKVdh8anVT8PtqLYaIyFo_uE4.07c9ce81-e618-4113-9ded-b8f3b5ef143b,1,1,1,1790700636146,1790700636231,6.342039,0.06712,,
hot_read,False,48.34000000001106,754cdfef-cb36-4e50-916e-76a39b6749f5,live-1790700541150-read-16,host.v3.cfg.mwzMSMFtQBExQlrglWhKVdh8anVT8PtqLYaIyFo_uE4.07c9ce81-e618-4113-9ded-b8f3b5ef143b,1,1,1,1790700636231,1790700636279,1.24525,0.10008,,
hot_write,False,69.34320899999875,d2afb309-a3af-4e9c-861d-34b5bee70fc2,live-1790700541150-read-16,host.v3.cfg.mwzMSMFtQBExQlrglWhKVdh8anVT8PtqLYaIyFo_uE4.07c9ce81-e618-4113-9ded-b8f3b5ef143b,1,2,2,1790700636280,1790700636349,7.769379,0.06548,,
hot_read,False,88.33874999999534,b94db2ba-c54d-4a94-921f-ba1839da1c0f,live-1790700541150-read-16,host.v3.cfg.mwzMSMFtQBExQlrglWhKVdh8anVT8PtqLYaIyFo_uE4.07c9ce81-e618-4113-9ded-b8f3b5ef143b,1,2,2,1790700636350,1790700636438,1.63535,0.06629,,
hot_write,False,38.91429099999368,587bb334-52b5-4646-9c01-ccbfa50c13f3,live-1790700541150-read-16,host.v3.cfg.mwzMSMFtQBExQlrglWhKVdh8anVT8PtqLYaIyFo_uE4.07c9ce81-e618-4113-9ded-b8f3b5ef143b,1,3,3,1790700636438,1790700636477,6.3339989999999995,0.07093999999999999,,
hot_read,False,42.58454100000381,5adf9553-09f4-4eab-aa9e-0f6c6bb1edb3,live-1790700541150-read-16,host.v3.cfg.mwzMSMFtQBExQlrglWhKVdh8anVT8PtqLYaIyFo_uE4.07c9ce81-e618-4113-9ded-b8f3b5ef143b,1,3,3,1790700636478,1790700636520,1.22021,0.07025,,
hot_write,False,73.59141699998872,efbafb1f-1be4-408d-9f6a-4c6d1d88e91a,live-1790700541150-read-16,host.v3.cfg.mwzMSMFtQBExQlrglWhKVdh8anVT8PtqLYaIyFo_uE4.07c9ce81-e618-4113-9ded-b8f3b5ef143b,1,4,4,1790700636521,1790700636594,6.476229,0.1058,,
hot_read,False,83.85700000000361,ea61f75c-ebb8-49eb-b736-7df5a73311de,live-1790700541150-read-16,host.v3.cfg.mwzMSMFtQBExQlrglWhKVdh8anVT8PtqLYaIyFo_uE4.07c9ce81-e618-4113-9ded-b8f3b5ef143b,1,4,4,1790700636595,1790700636679,1.368119,0.082939,,
hot_write,False,75.33566700000665,361ad7b0-1057-4d37-af49-e52b0d0bde78,live-1790700541150-read-16,host.v3.cfg.mwzMSMFtQBExQlrglWhKVdh8anVT8PtqLYaIyFo_uE4.07c9ce81-e618-4113-9ded-b8f3b5ef143b,1,5,5,1790700636679,1790700636755,6.91519,0.107261,,
hot_read,False,74.46283400000539,2ecd742c-f6b3-480e-8b94-c346ffc431d9,live-1790700541150-read-16,host.v3.cfg.mwzMSMFtQBExQlrglWhKVdh8anVT8PtqLYaIyFo_uE4.07c9ce81-e618-4113-9ded-b8f3b5ef143b,1,5,5,1790700636755,1790700636830,1.89884,0.08501,,
cold_write,False,223.08733300000313,60f7b7fb-3a92-4685-965b-c167c27a75a5,live-1790700541150-increment-17,host.v3.cfg.mwzMSMFtQBExQlrglWhKVdh8anVT8PtqLYaIyFo_uE4.b6091dfe-f57e-4699-9df9-d0f28aee8661,1,1,1,1790700637516,1790700637739,8.88589,0.06328,144.898953,178.202942
hot_write,False,40.54020799999125,9cae6cf0-69bb-48e3-94d9-070fb8603aba,live-1790700541150-increment-17,host.v3.cfg.mwzMSMFtQBExQlrglWhKVdh8anVT8PtqLYaIyFo_uE4.b6091dfe-f57e-4699-9df9-d0f28aee8661,1,2,2,1790700638659,1790700638699,6.911060999999999,0.08748,,
hot_read,False,37.715832999994745,2d148614-9ee7-477c-8f4d-952fdd2dc472,live-1790700541150-increment-17,host.v3.cfg.mwzMSMFtQBExQlrglWhKVdh8anVT8PtqLYaIyFo_uE4.b6091dfe-f57e-4699-9df9-d0f28aee8661,1,2,2,1790700638728,1790700638766,1.62132,0.0674,,
hot_write,False,37.64641699999629,011a48f3-9534-4533-88f8-a548d1c7b553,live-1790700541150-increment-17,host.v3.cfg.mwzMSMFtQBExQlrglWhKVdh8anVT8PtqLYaIyFo_uE4.b6091dfe-f57e-4699-9df9-d0f28aee8661,1,3,3,1790700638766,1790700638804,7.48932,0.12121,,
hot_read,False,37.87991600000532,5d3f63f7-07fc-43e7-94f5-8c0c2ed20729,live-1790700541150-increment-17,host.v3.cfg.mwzMSMFtQBExQlrglWhKVdh8anVT8PtqLYaIyFo_uE4.b6091dfe-f57e-4699-9df9-d0f28aee8661,1,3,3,1790700638805,1790700638843,1.54258,0.08348,,
hot_write,False,38.52566699999443,8cc960ba-3311-4f93-bd6d-abe27285b4b4,live-1790700541150-increment-17,host.v3.cfg.mwzMSMFtQBExQlrglWhKVdh8anVT8PtqLYaIyFo_uE4.b6091dfe-f57e-4699-9df9-d0f28aee8661,1,4,4,1790700638843,1790700638882,7.39575,0.09598,,
hot_read,False,36.49837500001013,386a739f-9dc5-4d0c-a751-aa35142fd8a0,live-1790700541150-increment-17,host.v3.cfg.mwzMSMFtQBExQlrglWhKVdh8anVT8PtqLYaIyFo_uE4.b6091dfe-f57e-4699-9df9-d0f28aee8661,1,4,4,1790700638882,1790700638919,1.52433,0.07248,,
hot_write,False,40.88204099998984,bb5a745e-2bad-4a36-8bab-93463f26c95e,live-1790700541150-increment-17,host.v3.cfg.mwzMSMFtQBExQlrglWhKVdh8anVT8PtqLYaIyFo_uE4.b6091dfe-f57e-4699-9df9-d0f28aee8661,1,5,5,1790700638921,1790700638961,6.3605,0.08069,,
hot_read,False,38.34791699999187,f4512cc3-786f-42f2-940d-12d50379db27,live-1790700541150-increment-17,host.v3.cfg.mwzMSMFtQBExQlrglWhKVdh8anVT8PtqLYaIyFo_uE4.b6091dfe-f57e-4699-9df9-d0f28aee8661,1,5,5,1790700638962,1790700639000,2.14405,0.10222,,
hot_write,False,39.07308399998874,e9012f73-5502-4f1a-9357-4bd95cab7ebf,live-1790700541150-increment-17,host.v3.cfg.mwzMSMFtQBExQlrglWhKVdh8anVT8PtqLYaIyFo_uE4.b6091dfe-f57e-4699-9df9-d0f28aee8661,1,6,6,1790700639016,1790700639055,7.509969,0.13584,,
hot_read,False,37.87629200000083,39d5199f-26a0-45b8-8ac1-26a2f8262c5b,live-1790700541150-increment-17,host.v3.cfg.mwzMSMFtQBExQlrglWhKVdh8anVT8PtqLYaIyFo_uE4.b6091dfe-f57e-4699-9df9-d0f28aee8661,1,6,6,1790700639055,1790700639093,1.62721,0.05432,,
cold_read,False,287.2721670000028,ba6aeecf-ecc0-407e-b84b-af0da27abdaa,live-1790700541150-read-17,host.v3.cfg.mwzMSMFtQBExQlrglWhKVdh8anVT8PtqLYaIyFo_uE4.91b8a648-441e-4335-87f4-24f2cd7abc0e,1,0,0,1790700639766,1790700640053,9.952789,0.06855,164.696841,201.523713
hot_write,False,40.680082999999286,f1ca58e8-1376-47c4-b31a-a9a2a80b5ed9,live-1790700541150-read-17,host.v3.cfg.mwzMSMFtQBExQlrglWhKVdh8anVT8PtqLYaIyFo_uE4.91b8a648-441e-4335-87f4-24f2cd7abc0e,1,1,1,1790700641044,1790700641085,7.672259,0.07639,,
hot_read,False,36.4675419999985,a7f4b3af-3afb-470d-b61f-498a9f52e294,live-1790700541150-read-17,host.v3.cfg.mwzMSMFtQBExQlrglWhKVdh8anVT8PtqLYaIyFo_uE4.91b8a648-441e-4335-87f4-24f2cd7abc0e,1,1,1,1790700641085,1790700641122,1.60434,0.07728,,
hot_write,False,55.26329199998872,6dc5f888-e6c4-4c1f-be0f-eab8a29a4ee4,live-1790700541150-read-17,host.v3.cfg.mwzMSMFtQBExQlrglWhKVdh8anVT8PtqLYaIyFo_uE4.91b8a648-441e-4335-87f4-24f2cd7abc0e,1,2,2,1790700641122,1790700641177,7.52559,0.06689,,
hot_read,False,40.8920000000071,f61f1ee1-4e26-47e4-a3ab-e950cee86693,live-1790700541150-read-17,host.v3.cfg.mwzMSMFtQBExQlrglWhKVdh8anVT8PtqLYaIyFo_uE4.91b8a648-441e-4335-87f4-24f2cd7abc0e,1,2,2,1790700641178,1790700641218,2.35032,0.11238,,
hot_write,False,39.74275000000489,472ffa6a-cac9-45cc-a9bd-d707d7688ee3,live-1790700541150-read-17,host.v3.cfg.mwzMSMFtQBExQlrglWhKVdh8anVT8PtqLYaIyFo_uE4.91b8a648-441e-4335-87f4-24f2cd7abc0e,1,3,3,1790700641219,1790700641259,5.747429,0.07941,,
hot_read,False,34.803458000009414,80519d10-a797-4536-a6a4-6e732b3786e7,live-1790700541150-read-17,host.v3.cfg.mwzMSMFtQBExQlrglWhKVdh8anVT8PtqLYaIyFo_uE4.91b8a648-441e-4335-87f4-24f2cd7abc0e,1,3,3,1790700641259,1790700641294,1.39067,0.061011,,
hot_write,False,37.47104200000467,e83dbf70-3c23-4ab8-b336-a3dcf4c2d841,live-1790700541150-read-17,host.v3.cfg.mwzMSMFtQBExQlrglWhKVdh8anVT8PtqLYaIyFo_uE4.91b8a648-441e-4335-87f4-24f2cd7abc0e,1,4,4,1790700641294,1790700641331,6.9468689999999995,0.06859000000000001,,
hot_read,False,35.86750000000757,1493bff2-28d4-4159-84e2-41979a6b8e03,live-1790700541150-read-17,host.v3.cfg.mwzMSMFtQBExQlrglWhKVdh8anVT8PtqLYaIyFo_uE4.91b8a648-441e-4335-87f4-24f2cd7abc0e,1,4,4,1790700641332,1790700641368,1.7423689999999998,0.06577899999999999,,
hot_write,False,39.78933400000096,fb9205a6-0f0a-48a3-a490-6f08b4277306,live-1790700541150-read-17,host.v3.cfg.mwzMSMFtQBExQlrglWhKVdh8anVT8PtqLYaIyFo_uE4.91b8a648-441e-4335-87f4-24f2cd7abc0e,1,5,5,1790700641368,1790700641408,6.3999690000000005,0.06857,,
hot_read,False,33.83541699999478,83c9b6f6-0a13-45e5-ba81-7e242e2643e4,live-1790700541150-read-17,host.v3.cfg.mwzMSMFtQBExQlrglWhKVdh8anVT8PtqLYaIyFo_uE4.91b8a648-441e-4335-87f4-24f2cd7abc0e,1,5,5,1790700641408,1790700641442,1.86028,0.07731,,
cold_write,False,271.03504200000316,cf4f72a9-0138-4a4b-baa0-478ec9031687,live-1790700541150-increment-18,host.v3.cfg.mwzMSMFtQBExQlrglWhKVdh8anVT8PtqLYaIyFo_uE4.0fb51c69-0fce-4b62-b229-52e41a59f3a3,1,1,1,1790700642313,1790700642584,9.413049,0.06648,162.449632,197.008483
hot_write,False,82.98595899999782,f8b28b39-fb1b-4769-92e0-0069c3785a9b,live-1790700541150-increment-18,host.v3.cfg.mwzMSMFtQBExQlrglWhKVdh8anVT8PtqLYaIyFo_uE4.0fb51c69-0fce-4b62-b229-52e41a59f3a3,1,2,2,1790700644013,1790700644096,6.963019,0.07849,,
hot_read,False,39.52816599998914,ebbefb8c-577d-4f63-ad00-d1aeef88b539,live-1790700541150-increment-18,host.v3.cfg.mwzMSMFtQBExQlrglWhKVdh8anVT8PtqLYaIyFo_uE4.0fb51c69-0fce-4b62-b229-52e41a59f3a3,1,2,2,1790700644097,1790700644136,1.98033,0.08591,,
hot_write,False,44.484625000011874,a408c5b4-ea92-4900-8307-57a509586679,live-1790700541150-increment-18,host.v3.cfg.mwzMSMFtQBExQlrglWhKVdh8anVT8PtqLYaIyFo_uE4.0fb51c69-0fce-4b62-b229-52e41a59f3a3,1,3,3,1790700644136,1790700644181,6.923589,0.065261,,
hot_read,False,36.286542000001646,38cab354-d809-47d2-965e-43fe04eef383,live-1790700541150-increment-18,host.v3.cfg.mwzMSMFtQBExQlrglWhKVdh8anVT8PtqLYaIyFo_uE4.0fb51c69-0fce-4b62-b229-52e41a59f3a3,1,3,3,1790700644181,1790700644217,2.733889,0.06923,,
hot_write,False,52.48241699999198,30a63ed8-928a-455e-898f-976dfe38738d,live-1790700541150-increment-18,host.v3.cfg.mwzMSMFtQBExQlrglWhKVdh8anVT8PtqLYaIyFo_uE4.0fb51c69-0fce-4b62-b229-52e41a59f3a3,1,4,4,1790700644218,1790700644270,6.519589,0.11242,,
hot_read,False,40.20820900000399,580ddde7-a6f7-4868-9895-dd9751e10dbe,live-1790700541150-increment-18,host.v3.cfg.mwzMSMFtQBExQlrglWhKVdh8anVT8PtqLYaIyFo_uE4.0fb51c69-0fce-4b62-b229-52e41a59f3a3,1,4,4,1790700644270,1790700644310,1.24789,0.060059999999999995,,
hot_write,False,37.01266700000269,580861ad-4052-40f2-9d11-88359084ac0b,live-1790700541150-increment-18,host.v3.cfg.mwzMSMFtQBExQlrglWhKVdh8anVT8PtqLYaIyFo_uE4.0fb51c69-0fce-4b62-b229-52e41a59f3a3,1,5,5,1790700644311,1790700644348,6.007419,0.08909,,
hot_read,False,33.76054100001056,d863b392-465f-4d90-88c6-634aa63caa8b,live-1790700541150-increment-18,host.v3.cfg.mwzMSMFtQBExQlrglWhKVdh8anVT8PtqLYaIyFo_uE4.0fb51c69-0fce-4b62-b229-52e41a59f3a3,1,5,5,1790700644348,1790700644382,1.924229,0.0769,,
hot_write,False,47.49650000000838,7716f508-e1c2-4f2f-8e8c-e1a40616c0f2,live-1790700541150-increment-18,host.v3.cfg.mwzMSMFtQBExQlrglWhKVdh8anVT8PtqLYaIyFo_uE4.0fb51c69-0fce-4b62-b229-52e41a59f3a3,1,6,6,1790700644382,1790700644430,6.1147290000000005,0.06096,,
hot_read,False,33.65316700001131,9819f68b-32aa-4580-ba9d-de752503fc39,live-1790700541150-increment-18,host.v3.cfg.mwzMSMFtQBExQlrglWhKVdh8anVT8PtqLYaIyFo_uE4.0fb51c69-0fce-4b62-b229-52e41a59f3a3,1,6,6,1790700644430,1790700644463,1.38485,0.06344999999999999,,
cold_read,False,238.99654200000805,13634be9-2b25-4f64-a210-f55dc75b9be6,live-1790700541150-read-18,host.v3.cfg.mwzMSMFtQBExQlrglWhKVdh8anVT8PtqLYaIyFo_uE4.a1e3c893-1e91-4d04-bad9-1622be7c7c03,1,0,0,1790700645141,1790700645380,10.773599,0.08856,161.683585,193.468101
hot_write,False,38.547959000003175,c97d7cf2-54b8-45af-9e5d-64e7993e220d,live-1790700541150-read-18,host.v3.cfg.mwzMSMFtQBExQlrglWhKVdh8anVT8PtqLYaIyFo_uE4.a1e3c893-1e91-4d04-bad9-1622be7c7c03,1,1,1,1790700646260,1790700646299,6.49624,0.091421,,
hot_read,False,39.92600000000675,eb2bd8f0-b3cd-442c-9491-d320265e73a9,live-1790700541150-read-18,host.v3.cfg.mwzMSMFtQBExQlrglWhKVdh8anVT8PtqLYaIyFo_uE4.a1e3c893-1e91-4d04-bad9-1622be7c7c03,1,1,1,1790700646299,1790700646339,1.6186900000000002,0.14069,,
hot_write,False,39.85620799999742,1bccafb5-d201-4588-aaad-1a2e707e94c0,live-1790700541150-read-18,host.v3.cfg.mwzMSMFtQBExQlrglWhKVdh8anVT8PtqLYaIyFo_uE4.a1e3c893-1e91-4d04-bad9-1622be7c7c03,1,2,2,1790700646339,1790700646379,7.50992,0.09257,,
hot_read,False,38.46008299999812,016ffc0f-63a3-4ac2-9d39-629312c7d9bf,live-1790700541150-read-18,host.v3.cfg.mwzMSMFtQBExQlrglWhKVdh8anVT8PtqLYaIyFo_uE4.a1e3c893-1e91-4d04-bad9-1622be7c7c03,1,2,2,1790700646379,1790700646418,2.99851,0.086379,,
hot_write,False,37.6935000000085,76385f5c-d944-4e20-9447-6ca61d00e536,live-1790700541150-read-18,host.v3.cfg.mwzMSMFtQBExQlrglWhKVdh8anVT8PtqLYaIyFo_uE4.a1e3c893-1e91-4d04-bad9-1622be7c7c03,1,3,3,1790700646418,1790700646456,6.09669,0.07984,,
hot_read,False,38.671875,2c5b8877-fb31-4bd1-b5c1-a745788ab321,live-1790700541150-read-18,host.v3.cfg.mwzMSMFtQBExQlrglWhKVdh8anVT8PtqLYaIyFo_uE4.a1e3c893-1e91-4d04-bad9-1622be7c7c03,1,3,3,1790700646456,1790700646495,1.2135,0.05611,,
hot_write,False,49.837916999997105,85b9b17d-cd60-4871-b7ac-71f4c98f7519,live-1790700541150-read-18,host.v3.cfg.mwzMSMFtQBExQlrglWhKVdh8anVT8PtqLYaIyFo_uE4.a1e3c893-1e91-4d04-bad9-1622be7c7c03,1,4,4,1790700646496,1790700646545,5.93844,0.08637,,
hot_read,False,36.09225000000151,e942bb33-41b6-4c49-a49d-b62fdc02125b,live-1790700541150-read-18,host.v3.cfg.mwzMSMFtQBExQlrglWhKVdh8anVT8PtqLYaIyFo_uE4.a1e3c893-1e91-4d04-bad9-1622be7c7c03,1,4,4,1790700646546,1790700646582,1.6157,0.18643,,
hot_write,False,38.16220800000883,d5f51474-e233-45e1-a0e7-60dcea61dbf8,live-1790700541150-read-18,host.v3.cfg.mwzMSMFtQBExQlrglWhKVdh8anVT8PtqLYaIyFo_uE4.a1e3c893-1e91-4d04-bad9-1622be7c7c03,1,5,5,1790700646582,1790700646620,6.5714500000000005,0.124769,,
hot_read,False,36.990749999997206,3a2402dc-63b4-4301-b210-ad6d09481039,live-1790700541150-read-18,host.v3.cfg.mwzMSMFtQBExQlrglWhKVdh8anVT8PtqLYaIyFo_uE4.a1e3c893-1e91-4d04-bad9-1622be7c7c03,1,5,5,1790700646621,1790700646658,1.32982,0.08805,,
cold_write,False,238.47391600000265,d38b0195-4f8b-4f77-bda8-a63b20ea8b76,live-1790700541150-increment-19,host.v3.cfg.mwzMSMFtQBExQlrglWhKVdh8anVT8PtqLYaIyFo_uE4.308d3b66-93a0-4ca3-8cd7-06efa5353122,1,1,1,1790700647259,1790700647497,10.116289,0.05078,153.67494200000002,184.18632200000002
hot_write,False,55.44708300000639,aff55588-1b73-40c5-9fa1-e763f2e72c88,live-1790700541150-increment-19,host.v3.cfg.mwzMSMFtQBExQlrglWhKVdh8anVT8PtqLYaIyFo_uE4.308d3b66-93a0-4ca3-8cd7-06efa5353122,1,2,2,1790700648373,1790700648429,7.44691,0.103461,,
hot_read,False,36.34229200000118,bdb396a9-f695-49db-aa71-98207883ed89,live-1790700541150-increment-19,host.v3.cfg.mwzMSMFtQBExQlrglWhKVdh8anVT8PtqLYaIyFo_uE4.308d3b66-93a0-4ca3-8cd7-06efa5353122,1,2,2,1790700648429,1790700648465,2.410809,0.099829,,
hot_write,False,38.17408299999079,8b06aa1c-7879-492e-855a-06710953be77,live-1790700541150-increment-19,host.v3.cfg.mwzMSMFtQBExQlrglWhKVdh8anVT8PtqLYaIyFo_uE4.308d3b66-93a0-4ca3-8cd7-06efa5353122,1,3,3,1790700648466,1790700648504,7.46582,0.08338000000000001,,
hot_read,False,44.062750000011874,022a302a-b94d-4f26-bbb4-ac158ee20a3e,live-1790700541150-increment-19,host.v3.cfg.mwzMSMFtQBExQlrglWhKVdh8anVT8PtqLYaIyFo_uE4.308d3b66-93a0-4ca3-8cd7-06efa5353122,1,3,3,1790700648504,1790700648548,1.85135,0.16807,,
hot_write,False,43.855750000002445,c503ee65-326a-48e9-a85a-dda3253eeb56,live-1790700541150-increment-19,host.v3.cfg.mwzMSMFtQBExQlrglWhKVdh8anVT8PtqLYaIyFo_uE4.308d3b66-93a0-4ca3-8cd7-06efa5353122,1,4,4,1790700648549,1790700648593,7.214829,0.09086,,
hot_read,False,36.139750000002095,1b145d4b-2d2c-44c1-92f0-288db26b46a6,live-1790700541150-increment-19,host.v3.cfg.mwzMSMFtQBExQlrglWhKVdh8anVT8PtqLYaIyFo_uE4.308d3b66-93a0-4ca3-8cd7-06efa5353122,1,4,4,1790700648593,1790700648629,1.254229,0.071459,,
hot_write,False,38.64295800001128,091fcefd-3468-46ae-84a4-7f0d51fa9db5,live-1790700541150-increment-19,host.v3.cfg.mwzMSMFtQBExQlrglWhKVdh8anVT8PtqLYaIyFo_uE4.308d3b66-93a0-4ca3-8cd7-06efa5353122,1,5,5,1790700648629,1790700648668,6.217409,0.07778,,
hot_read,False,37.463959000000614,9afac1e9-9f79-4e45-a0cb-1639ee71f518,live-1790700541150-increment-19,host.v3.cfg.mwzMSMFtQBExQlrglWhKVdh8anVT8PtqLYaIyFo_uE4.308d3b66-93a0-4ca3-8cd7-06efa5353122,1,5,5,1790700648668,1790700648706,1.68453,0.07378,,
hot_write,False,38.57429199999024,a143d867-13bf-49d4-af28-41f2805475e8,live-1790700541150-increment-19,host.v3.cfg.mwzMSMFtQBExQlrglWhKVdh8anVT8PtqLYaIyFo_uE4.308d3b66-93a0-4ca3-8cd7-06efa5353122,1,6,6,1790700648706,1790700648745,6.651548999999999,0.0791,,
hot_read,False,41.96499999999651,50d740b0-f7bd-467a-9dd7-0394b2513402,live-1790700541150-increment-19,host.v3.cfg.mwzMSMFtQBExQlrglWhKVdh8anVT8PtqLYaIyFo_uE4.308d3b66-93a0-4ca3-8cd7-06efa5353122,1,6,6,1790700648745,1790700648787,1.45483,0.111781,,
cold_read,False,218.93162499999744,9fcb9ef4-4ac1-4aeb-806d-8025c7f7b05a,live-1790700541150-read-19,host.v3.cfg.mwzMSMFtQBExQlrglWhKVdh8anVT8PtqLYaIyFo_uE4.433bab4a-ef17-404f-a266-553344a4a410,1,0,0,1790700649397,1790700649616,9.448979,0.06874,151.092245,177.457356
hot_write,False,46.02945899999759,0c7301c5-c09e-4f6a-9fe1-f879cde29ac2,live-1790700541150-read-19,host.v3.cfg.mwzMSMFtQBExQlrglWhKVdh8anVT8PtqLYaIyFo_uE4.433bab4a-ef17-404f-a266-553344a4a410,1,1,1,1790700650491,1790700650537,8.184799,0.06946000000000001,,
hot_read,False,36.662209000001894,b7c0a920-1b86-4ed3-8c3f-098308d3904f,live-1790700541150-read-19,host.v3.cfg.mwzMSMFtQBExQlrglWhKVdh8anVT8PtqLYaIyFo_uE4.433bab4a-ef17-404f-a266-553344a4a410,1,1,1,1790700650537,1790700650574,3.376319,0.10217,,
hot_write,False,39.35912500000268,9702001b-ae49-469d-9cd7-3807b70221ce,live-1790700541150-read-19,host.v3.cfg.mwzMSMFtQBExQlrglWhKVdh8anVT8PtqLYaIyFo_uE4.433bab4a-ef17-404f-a266-553344a4a410,1,2,2,1790700650574,1790700650613,8.607869,0.0655,,
hot_read,False,35.82945799999288,2cb7d8e2-04e2-47da-910e-31e19af132a3,live-1790700541150-read-19,host.v3.cfg.mwzMSMFtQBExQlrglWhKVdh8anVT8PtqLYaIyFo_uE4.433bab4a-ef17-404f-a266-553344a4a410,1,2,2,1790700650614,1790700650650,2.20224,0.08076000000000001,,
hot_write,False,39.87649999999849,7f44d84b-05c8-4b67-b722-477bd9b9db7a,live-1790700541150-read-19,host.v3.cfg.mwzMSMFtQBExQlrglWhKVdh8anVT8PtqLYaIyFo_uE4.433bab4a-ef17-404f-a266-553344a4a410,1,3,3,1790700650650,1790700650690,8.051729,0.06781000000000001,,
hot_read,False,34.87304199999198,2e7deab8-ccde-428f-9211-17f9b22581f4,live-1790700541150-read-19,host.v3.cfg.mwzMSMFtQBExQlrglWhKVdh8anVT8PtqLYaIyFo_uE4.433bab4a-ef17-404f-a266-553344a4a410,1,3,3,1790700650690,1790700650725,3.0912,0.07099,,
hot_write,False,39.37695900000108,b15d45d6-b689-4f7a-a139-563c78b5d509,live-1790700541150-read-19,host.v3.cfg.mwzMSMFtQBExQlrglWhKVdh8anVT8PtqLYaIyFo_uE4.433bab4a-ef17-404f-a266-553344a4a410,1,4,4,1790700650725,1790700650765,6.203739,0.07575,,
hot_read,False,38.93116700000246,767eda40-3474-4edf-867f-e7d93716f2e0,live-1790700541150-read-19,host.v3.cfg.mwzMSMFtQBExQlrglWhKVdh8anVT8PtqLYaIyFo_uE4.433bab4a-ef17-404f-a266-553344a4a410,1,4,4,1790700650765,1790700650804,3.0241399999999996,0.06933,,
hot_write,False,42.371666999999434,498697ec-470a-442a-b754-cf276db715da,live-1790700541150-read-19,host.v3.cfg.mwzMSMFtQBExQlrglWhKVdh8anVT8PtqLYaIyFo_uE4.433bab4a-ef17-404f-a266-553344a4a410,1,5,5,1790700650804,1790700650847,8.995919,0.054,,
hot_read,False,38.404374999998254,4100d7b5-b4df-43cb-88cf-d56d2fa320d9,live-1790700541150-read-19,host.v3.cfg.mwzMSMFtQBExQlrglWhKVdh8anVT8PtqLYaIyFo_uE4.433bab4a-ef17-404f-a266-553344a4a410,1,5,5,1790700650847,1790700650885,1.85398,0.065961,,
cold_write,False,252.0077089999977,d7ece59e-4b11-44f1-8af4-e10e0af2c449,live-1790700541150-increment-20,host.v3.cfg.mwzMSMFtQBExQlrglWhKVdh8anVT8PtqLYaIyFo_uE4.2ae5a221-3df3-4938-a8b0-6d774f9fb29c,1,1,1,1790700651501,1790700651753,11.108861,0.09204,176.63808,207.404436
hot_write,False,43.412374999999884,39d20253-a6bc-4e53-9807-ea226f3e5ad3,live-1790700541150-increment-20,host.v3.cfg.mwzMSMFtQBExQlrglWhKVdh8anVT8PtqLYaIyFo_uE4.2ae5a221-3df3-4938-a8b0-6d774f9fb29c,1,2,2,1790700652642,1790700652685,8.11538,0.1016,,
hot_read,False,39.22920799998974,07b99efb-3082-4f2a-a395-9cfb5822e5dc,live-1790700541150-increment-20,host.v3.cfg.mwzMSMFtQBExQlrglWhKVdh8anVT8PtqLYaIyFo_uE4.2ae5a221-3df3-4938-a8b0-6d774f9fb29c,1,2,2,1790700652685,1790700652725,2.21287,0.09874,,
hot_write,False,40.755375000007916,42bd6d32-60ed-487c-a1a7-3983a30c8b16,live-1790700541150-increment-20,host.v3.cfg.mwzMSMFtQBExQlrglWhKVdh8anVT8PtqLYaIyFo_uE4.2ae5a221-3df3-4938-a8b0-6d774f9fb29c,1,3,3,1790700652725,1790700652765,7.830381000000001,0.067281,,
hot_read,False,39.673500000004424,4ca571cf-3528-41a6-87c9-7dd1844d6ab9,live-1790700541150-increment-20,host.v3.cfg.mwzMSMFtQBExQlrglWhKVdh8anVT8PtqLYaIyFo_uE4.2ae5a221-3df3-4938-a8b0-6d774f9fb29c,1,3,3,1790700652765,1790700652805,5.11292,0.09041,,
hot_write,False,39.47787499999686,fbeb926f-6797-4c44-b09b-2f99d0d343bb,live-1790700541150-increment-20,host.v3.cfg.mwzMSMFtQBExQlrglWhKVdh8anVT8PtqLYaIyFo_uE4.2ae5a221-3df3-4938-a8b0-6d774f9fb29c,1,4,4,1790700652805,1790700652845,9.28412,0.06781000000000001,,
hot_read,False,48.246750000005704,a233e527-abac-4b6c-9d74-9c1c35fa49b8,live-1790700541150-increment-20,host.v3.cfg.mwzMSMFtQBExQlrglWhKVdh8anVT8PtqLYaIyFo_uE4.2ae5a221-3df3-4938-a8b0-6d774f9fb29c,1,4,4,1790700652845,1790700652893,2.413899,0.068829,,
hot_write,False,34.8885420000006,10a470a4-6cf8-4ec5-ad8a-28a136d04998,live-1790700541150-increment-20,host.v3.cfg.mwzMSMFtQBExQlrglWhKVdh8anVT8PtqLYaIyFo_uE4.2ae5a221-3df3-4938-a8b0-6d774f9fb29c,1,5,5,1790700652894,1790700652928,5.58535,0.14023,,
hot_read,False,39.62195800000336,5f9239b9-c34a-4a8d-9266-3ec708b1c321,live-1790700541150-increment-20,host.v3.cfg.mwzMSMFtQBExQlrglWhKVdh8anVT8PtqLYaIyFo_uE4.2ae5a221-3df3-4938-a8b0-6d774f9fb29c,1,5,5,1790700652929,1790700652968,1.75353,0.07177,,
hot_write,False,37.61662499999511,cbf10e7b-d91d-4af5-bec6-09ef7592a4f4,live-1790700541150-increment-20,host.v3.cfg.mwzMSMFtQBExQlrglWhKVdh8anVT8PtqLYaIyFo_uE4.2ae5a221-3df3-4938-a8b0-6d774f9fb29c,1,6,6,1790700652969,1790700653006,6.5351799999999995,0.07229100000000001,,
hot_read,False,37.21195799999987,c912ccbe-d8d2-4565-b7d6-afb25474bfa4,live-1790700541150-increment-20,host.v3.cfg.mwzMSMFtQBExQlrglWhKVdh8anVT8PtqLYaIyFo_uE4.2ae5a221-3df3-4938-a8b0-6d774f9fb29c,1,6,6,1790700653007,1790700653044,1.52604,0.0631,,
cold_read,False,211.87220800000068,8524ff46-4710-48a9-ad32-431a4b2f6810,live-1790700541150-read-20,host.v3.cfg.mwzMSMFtQBExQlrglWhKVdh8anVT8PtqLYaIyFo_uE4.40d4e6f5-ed61-4c64-812b-02df69313c17,1,0,0,1790700653653,1790700653865,9.64552,0.05316,131.92469200000002,166.633682
hot_write,False,40.169624999994994,d498e108-e0c2-48e6-b036-5016c7e8b9da,live-1790700541150-read-20,host.v3.cfg.mwzMSMFtQBExQlrglWhKVdh8anVT8PtqLYaIyFo_uE4.40d4e6f5-ed61-4c64-812b-02df69313c17,1,1,1,1790700654727,1790700654767,6.407461,0.06141,,
hot_read,False,36.397832999995444,79cddc30-45e8-4ec6-8823-c719b1e59741,live-1790700541150-read-20,host.v3.cfg.mwzMSMFtQBExQlrglWhKVdh8anVT8PtqLYaIyFo_uE4.40d4e6f5-ed61-4c64-812b-02df69313c17,1,1,1,1790700654768,1790700654804,2.14697,0.10586,,
hot_write,False,38.956042000005255,258a8e59-327b-48a7-a1b9-9e53b3a4920a,live-1790700541150-read-20,host.v3.cfg.mwzMSMFtQBExQlrglWhKVdh8anVT8PtqLYaIyFo_uE4.40d4e6f5-ed61-4c64-812b-02df69313c17,1,2,2,1790700654804,1790700654843,7.24756,0.08452,,
hot_read,False,35.194083000009414,2479573d-76f6-435e-9a93-a10e77a3c712,live-1790700541150-read-20,host.v3.cfg.mwzMSMFtQBExQlrglWhKVdh8anVT8PtqLYaIyFo_uE4.40d4e6f5-ed61-4c64-812b-02df69313c17,1,2,2,1790700654843,1790700654879,2.0936000000000003,0.07228899999999999,,
hot_write,False,41.39304199999606,8584df01-cde4-4963-8d85-6fa23b2479b7,live-1790700541150-read-20,host.v3.cfg.mwzMSMFtQBExQlrglWhKVdh8anVT8PtqLYaIyFo_uE4.40d4e6f5-ed61-4c64-812b-02df69313c17,1,3,3,1790700654879,1790700654920,8.45041,0.07683,,
hot_read,False,40.852166999990004,cc36507d-e3e1-4413-90ec-8d0ce160acd3,live-1790700541150-read-20,host.v3.cfg.mwzMSMFtQBExQlrglWhKVdh8anVT8PtqLYaIyFo_uE4.40d4e6f5-ed61-4c64-812b-02df69313c17,1,3,3,1790700654921,1790700654962,3.08851,0.05559,,
hot_write,False,43.05395800000406,0843faf8-006f-4c27-beb1-1fa419c66e06,live-1790700541150-read-20,host.v3.cfg.mwzMSMFtQBExQlrglWhKVdh8anVT8PtqLYaIyFo_uE4.40d4e6f5-ed61-4c64-812b-02df69313c17,1,4,4,1790700654962,1790700655005,6.564749,0.14411,,
hot_read,False,38.595916999998735,42c25fd3-4415-4a78-a87f-120330c9bcf5,live-1790700541150-read-20,host.v3.cfg.mwzMSMFtQBExQlrglWhKVdh8anVT8PtqLYaIyFo_uE4.40d4e6f5-ed61-4c64-812b-02df69313c17,1,4,4,1790700655006,1790700655044,1.73537,0.080331,,
hot_write,False,38.08970799999952,ce88aef5-a921-4162-baf0-506ced1f6995,live-1790700541150-read-20,host.v3.cfg.mwzMSMFtQBExQlrglWhKVdh8anVT8PtqLYaIyFo_uE4.40d4e6f5-ed61-4c64-812b-02df69313c17,1,5,5,1790700655045,1790700655083,6.25608,0.13584,,
hot_read,False,38.236250000001746,dafe2123-fb1c-465e-9273-342e66b029b7,live-1790700541150-read-20,host.v3.cfg.mwzMSMFtQBExQlrglWhKVdh8anVT8PtqLYaIyFo_uE4.40d4e6f5-ed61-4c64-812b-02df69313c17,1,5,5,1790700655083,1790700655122,1.71726,0.06996,,
cold_write,False,205.60462499999267,c01bfce6-3763-48f6-b534-d8bb67dc0661,live-1790700541150-increment-21,host.v3.cfg.mwzMSMFtQBExQlrglWhKVdh8anVT8PtqLYaIyFo_uE4.e366083f-906b-4a7d-8fd7-58203ebba1f4,1,1,1,1790700655739,1790700655945,9.874171,0.077071,121.444771,159.813709
hot_write,False,53.28774999998859,c146aff9-0e3f-4167-b145-39acc66ca63d,live-1790700541150-increment-21,host.v3.cfg.mwzMSMFtQBExQlrglWhKVdh8anVT8PtqLYaIyFo_uE4.e366083f-906b-4a7d-8fd7-58203ebba1f4,1,2,2,1790700656843,1790700656896,6.65005,0.12982,,
hot_read,False,36.54141599999275,c825ea63-f57c-48bb-b3c9-8751c8701f60,live-1790700541150-increment-21,host.v3.cfg.mwzMSMFtQBExQlrglWhKVdh8anVT8PtqLYaIyFo_uE4.e366083f-906b-4a7d-8fd7-58203ebba1f4,1,2,2,1790700656896,1790700656933,1.3299500000000002,0.05693,,
hot_write,False,42.006750000000466,f3e6b8a0-1d89-4203-b428-2323ca4187cf,live-1790700541150-increment-21,host.v3.cfg.mwzMSMFtQBExQlrglWhKVdh8anVT8PtqLYaIyFo_uE4.e366083f-906b-4a7d-8fd7-58203ebba1f4,1,3,3,1790700656933,1790700656975,7.31947,0.08273,,
hot_read,False,35.0556249999936,51bf727a-b1d9-434a-a0db-555b7f7ec34e,live-1790700541150-increment-21,host.v3.cfg.mwzMSMFtQBExQlrglWhKVdh8anVT8PtqLYaIyFo_uE4.e366083f-906b-4a7d-8fd7-58203ebba1f4,1,3,3,1790700656976,1790700657011,1.86922,0.08009,,
hot_write,False,36.78445799999463,31b0a18a-ac50-428d-9a8a-1cd1388bdc22,live-1790700541150-increment-21,host.v3.cfg.mwzMSMFtQBExQlrglWhKVdh8anVT8PtqLYaIyFo_uE4.e366083f-906b-4a7d-8fd7-58203ebba1f4,1,4,4,1790700657011,1790700657048,6.166399999999999,0.07558000000000001,,
hot_read,False,38.5326250000071,04bfc1e2-d9b8-4c5e-8a51-f0823f79beb0,live-1790700541150-increment-21,host.v3.cfg.mwzMSMFtQBExQlrglWhKVdh8anVT8PtqLYaIyFo_uE4.e366083f-906b-4a7d-8fd7-58203ebba1f4,1,4,4,1790700657048,1790700657087,1.62817,0.20658,,
hot_write,False,37.14145799999824,d3e5e6a2-2593-4a66-9026-e47099cb5beb,live-1790700541150-increment-21,host.v3.cfg.mwzMSMFtQBExQlrglWhKVdh8anVT8PtqLYaIyFo_uE4.e366083f-906b-4a7d-8fd7-58203ebba1f4,1,5,5,1790700657087,1790700657124,6.62268,0.0718,,
hot_read,False,35.602333000002545,c2fcf1e6-8305-4ecf-bd09-768854a4ce74,live-1790700541150-increment-21,host.v3.cfg.mwzMSMFtQBExQlrglWhKVdh8anVT8PtqLYaIyFo_uE4.e366083f-906b-4a7d-8fd7-58203ebba1f4,1,5,5,1790700657125,1790700657160,1.672179,0.05832,,
hot_write,False,40.76912500000617,4192dbfa-483f-427f-9b00-5782bb916ebd,live-1790700541150-increment-21,host.v3.cfg.mwzMSMFtQBExQlrglWhKVdh8anVT8PtqLYaIyFo_uE4.e366083f-906b-4a7d-8fd7-58203ebba1f4,1,6,6,1790700657161,1790700657201,6.79452,0.0639,,
hot_read,False,37.596667000005255,ecc19949-30f5-415a-9118-520d526258b8,live-1790700541150-increment-21,host.v3.cfg.mwzMSMFtQBExQlrglWhKVdh8anVT8PtqLYaIyFo_uE4.e366083f-906b-4a7d-8fd7-58203ebba1f4,1,6,6,1790700657202,1790700657240,1.61353,0.13365,,
cold_read,False,193.5818750000035,aad57066-20c7-4d47-af5f-6878415ce915,live-1790700541150-read-21,host.v3.cfg.mwzMSMFtQBExQlrglWhKVdh8anVT8PtqLYaIyFo_uE4.9194c99c-f3c6-4d73-a661-bdf7d28a5f76,1,0,0,1790700657855,1790700658049,9.64077,0.06519,121.38592,149.81670499999998
hot_write,False,40.98179099999834,0064e214-4dde-4626-b0d5-15c5978aa2bd,live-1790700541150-read-21,host.v3.cfg.mwzMSMFtQBExQlrglWhKVdh8anVT8PtqLYaIyFo_uE4.9194c99c-f3c6-4d73-a661-bdf7d28a5f76,1,1,1,1790700658927,1790700658968,6.344201,0.077511,,
hot_read,False,34.6227910000016,0918bd0e-4321-42db-bda6-4f9df0eb237e,live-1790700541150-read-21,host.v3.cfg.mwzMSMFtQBExQlrglWhKVdh8anVT8PtqLYaIyFo_uE4.9194c99c-f3c6-4d73-a661-bdf7d28a5f76,1,1,1,1790700658968,1790700659003,1.49212,0.08195999999999999,,
hot_write,False,38.229624999992666,512b25f5-6885-4a75-a32d-c9088999fa94,live-1790700541150-read-21,host.v3.cfg.mwzMSMFtQBExQlrglWhKVdh8anVT8PtqLYaIyFo_uE4.9194c99c-f3c6-4d73-a661-bdf7d28a5f76,1,2,2,1790700659003,1790700659041,7.083061,0.076931,,
hot_read,False,34.897458000006736,1672f6ef-3bff-4a4b-aa3b-43fad2737f51,live-1790700541150-read-21,host.v3.cfg.mwzMSMFtQBExQlrglWhKVdh8anVT8PtqLYaIyFo_uE4.9194c99c-f3c6-4d73-a661-bdf7d28a5f76,1,2,2,1790700659042,1790700659077,1.64614,0.06616999999999999,,
hot_write,False,38.37850000000617,301ae455-75bd-41d7-a53b-01fde175229f,live-1790700541150-read-21,host.v3.cfg.mwzMSMFtQBExQlrglWhKVdh8anVT8PtqLYaIyFo_uE4.9194c99c-f3c6-4d73-a661-bdf7d28a5f76,1,3,3,1790700659077,1790700659115,7.769711,0.068871,,
hot_read,False,34.100665999998455,66eff472-fd5b-4159-bc4b-5d500391175d,live-1790700541150-read-21,host.v3.cfg.mwzMSMFtQBExQlrglWhKVdh8anVT8PtqLYaIyFo_uE4.9194c99c-f3c6-4d73-a661-bdf7d28a5f76,1,3,3,1790700659116,1790700659150,1.28468,0.10665,,
hot_write,False,39.0109999999986,5c3318f2-50f8-4b50-bf86-5294a7d3a1a5,live-1790700541150-read-21,host.v3.cfg.mwzMSMFtQBExQlrglWhKVdh8anVT8PtqLYaIyFo_uE4.9194c99c-f3c6-4d73-a661-bdf7d28a5f76,1,4,4,1790700659150,1790700659189,5.73729,0.06684999999999999,,
hot_read,False,37.94254099999671,d3918ab1-34d9-466d-a82a-283acc9d1d03,live-1790700541150-read-21,host.v3.cfg.mwzMSMFtQBExQlrglWhKVdh8anVT8PtqLYaIyFo_uE4.9194c99c-f3c6-4d73-a661-bdf7d28a5f76,1,4,4,1790700659190,1790700659227,2.059529,0.08514899999999999,,
hot_write,False,41.166207999995095,6c032bc6-d1fc-4185-943e-c5c3bd4430de,live-1790700541150-read-21,host.v3.cfg.mwzMSMFtQBExQlrglWhKVdh8anVT8PtqLYaIyFo_uE4.9194c99c-f3c6-4d73-a661-bdf7d28a5f76,1,5,5,1790700659228,1790700659269,7.08645,0.13414,,
hot_read,False,39.52375000000757,4748a035-799e-4f3e-9763-59aed341c79c,live-1790700541150-read-21,host.v3.cfg.mwzMSMFtQBExQlrglWhKVdh8anVT8PtqLYaIyFo_uE4.9194c99c-f3c6-4d73-a661-bdf7d28a5f76,1,5,5,1790700659269,1790700659309,1.58594,0.07354000000000001,,
resume_write,True,436.57266599999275,df8bbe80-fa84-4cac-b5be-b776cef7f1e2,live-1790700541150-increment-0,host.v3.cfg.mwzMSMFtQBExQlrglWhKVdh8anVT8PtqLYaIyFo_uE4.31167ad7-2435-4cd3-b96a-cc59a068fa62,2,7,7,1790700736544,1790700736980,11.47546,0.09715,280.949232,332.515597
resume_read,True,309.5920000000042,8cb6bf3b-41e8-40ff-bb13-d4628fbaa839,live-1790700541150-read-0,host.v3.cfg.mwzMSMFtQBExQlrglWhKVdh8anVT8PtqLYaIyFo_uE4.b26a3a88-5ee2-4b36-ae7f-104ebf28f1c9,2,5,5,1790700738586,1790700738895,5.0333,0.09806,226.69606000000002,264.643307
resume_write,True,322.3447079999896,868b0ac6-704a-4455-9f1f-d0f9ea2a3143,live-1790700541150-increment-1,host.v3.cfg.mwzMSMFtQBExQlrglWhKVdh8anVT8PtqLYaIyFo_uE4.3dc2b377-c9ac-423b-9bc4-776070552ec2,2,7,7,1790700740355,1790700740678,8.467749999999999,0.05407,228.325123,273.098803
resume_read,True,309.77470800001174,f8d253d4-6a3b-4603-ad2a-b16d18f21d8a,live-1790700541150-read-1,host.v3.cfg.mwzMSMFtQBExQlrglWhKVdh8anVT8PtqLYaIyFo_uE4.f33717c6-61be-4a4e-90bc-c573aaad528f,2,5,5,1790700742185,1790700742495,4.07538,0.06336,208.512482,253.270457
resume_write,False,307.4574999999895,31d42bc5-3568-4173-9cba-bdf4e479fe73,live-1790700541150-increment-2,host.v3.cfg.mwzMSMFtQBExQlrglWhKVdh8anVT8PtqLYaIyFo_uE4.846b7add-6070-409c-9051-bf0a9337b96c,2,7,7,1790700744074,1790700744381,8.393640000000001,0.05833,218.97367200000002,260.927557
resume_read,False,314.7249160000065,97dd6c50-e39e-49e9-bf71-e75973dfced3,live-1790700541150-read-2,host.v3.cfg.mwzMSMFtQBExQlrglWhKVdh8anVT8PtqLYaIyFo_uE4.ec8b52a2-d391-44c2-92b8-d6cb0d995ef9,2,5,5,1790700745925,1790700746240,3.82007,0.05666,228.924703,274.328015
resume_write,False,300.24166600001627,85e052b5-ad8f-46eb-a2aa-45789110301e,live-1790700541150-increment-3,host.v3.cfg.mwzMSMFtQBExQlrglWhKVdh8anVT8PtqLYaIyFo_uE4.a3f360d6-b310-4bba-a6f0-9a6748d3d791,2,7,7,1790700747811,1790700748111,9.9205,0.04386,211.869553,253.064198
resume_read,False,333.81574999997974,106d4d7a-d0df-4b36-b79d-658dd55a5054,live-1790700541150-read-3,host.v3.cfg.mwzMSMFtQBExQlrglWhKVdh8anVT8PtqLYaIyFo_uE4.a2041915-42ef-4ca6-90c7-48f60ef7c29e,2,5,5,1790700749685,1790700750019,4.143131,0.09136,233.772865,286.51100099999996
resume_write,False,315.2285419999971,bd10177d-f849-432f-84c4-28eab0560957,live-1790700541150-increment-4,host.v3.cfg.mwzMSMFtQBExQlrglWhKVdh8anVT8PtqLYaIyFo_uE4.cbe43861-0b5a-41d0-96f3-e3666c75ca38,2,7,7,1790700751822,1790700752138,9.38347,0.05294,218.904433,269.046721
resume_read,False,314.9935420000111,465c8567-a124-4dfc-88c7-ce5b16760fd0,live-1790700541150-read-4,host.v3.cfg.mwzMSMFtQBExQlrglWhKVdh8anVT8PtqLYaIyFo_uE4.1fedf2ca-38fd-4e37-84e7-df71301f3813,2,5,5,1790700753742,1790700754057,6.0004610000000005,0.07998100000000001,228.397412,271.755328
resume_write,False,304.4070420000062,94216803-7e05-463e-a1e6-ad344df83f51,live-1790700541150-increment-5,host.v3.cfg.mwzMSMFtQBExQlrglWhKVdh8anVT8PtqLYaIyFo_uE4.f9fa41f9-2c99-470b-adb9-803974f58c65,2,7,7,1790700755623,1790700755927,9.52023,0.07314,198.007173,257.909965
resume_read,False,311.94370800000615,0674db83-f3b0-42e6-847f-8fbc7696e348,live-1790700541150-read-5,host.v3.cfg.mwzMSMFtQBExQlrglWhKVdh8anVT8PtqLYaIyFo_uE4.c3752b70-dfb1-4d20-8495-4263df772489,2,5,5,1790700757714,1790700758026,8.40556,0.064669,227.244451,266.85988199999997
resume_write,False,352.12604100001045,4b7be5ed-f499-4535-a314-8f7ffdcfe3be,live-1790700541150-increment-6,host.v3.cfg.mwzMSMFtQBExQlrglWhKVdh8anVT8PtqLYaIyFo_uE4.c8e1ebf6-2d7c-4e62-aab5-e70e4daecbc1,2,7,7,1790700759622,1790700759974,9.448231,0.07216,265.13784499999997,308.081559
resume_read,False,299.0461250000226,5ce14149-b44d-4ab4-89b9-c003309d1546,live-1790700541150-read-6,host.v3.cfg.mwzMSMFtQBExQlrglWhKVdh8anVT8PtqLYaIyFo_uE4.e7a3524d-3212-4d03-b4d0-5084b38bf8a3,2,5,5,1790700761359,1790700761658,3.80319,0.0591,213.361733,260.241321
resume_write,False,372.578125,8e2e63eb-1afc-4f35-a876-45b361d4de09,live-1790700541150-increment-7,host.v3.cfg.mwzMSMFtQBExQlrglWhKVdh8anVT8PtqLYaIyFo_uE4.a43e54e3-ca9e-4485-bdf6-cd67d87d3ad3,2,7,7,1790700763224,1790700763597,9.23473,0.07423,282.561943,326.445787
resume_read,False,302.97916699998314,e34beff7-fdaf-42dc-9282-2525daa8b18b,live-1790700541150-read-7,host.v3.cfg.mwzMSMFtQBExQlrglWhKVdh8anVT8PtqLYaIyFo_uE4.9b777a72-f1d1-4817-9cfb-65ed48fde3e1,2,5,5,1790700765188,1790700765491,3.66639,0.06147,219.204633,259.225504
resume_write,False,330.2804999999935,6b89ca6b-a1a4-493a-9d34-9cf72368aea9,live-1790700541150-increment-8,host.v3.cfg.mwzMSMFtQBExQlrglWhKVdh8anVT8PtqLYaIyFo_uE4.64b3d620-b2cd-417b-8e60-e6652850a299,2,7,7,1790700767122,1790700767452,10.51507,0.08954,233.459698,281.282891
resume_read,False,322.5594170000113,e997f34a-6d61-4ee2-9544-7c83aa02b78c,live-1790700541150-read-8,host.v3.cfg.mwzMSMFtQBExQlrglWhKVdh8anVT8PtqLYaIyFo_uE4.4e45fb5a-2687-4456-8b02-6273798b6f2e,2,5,5,1790700768924,1790700769246,4.8607,0.087309,228.71830200000002,279.845517
resume_write,False,390.8519999999844,77bb3435-a348-4463-bab1-329bcc24d204,live-1790700541150-increment-9,host.v3.cfg.mwzMSMFtQBExQlrglWhKVdh8anVT8PtqLYaIyFo_uE4.26608f3b-2bf2-4d1c-a669-5ba40b633a12,2,7,7,1790700770738,1790700771129,8.846931000000001,0.058990999999999995,232.206413,280.8927
resume_read,False,298.9517090000154,3329722c-09af-4592-95c6-5a5c66fc4210,live-1790700541150-read-9,host.v3.cfg.mwzMSMFtQBExQlrglWhKVdh8anVT8PtqLYaIyFo_uE4.75e93e3d-1384-4081-859c-c421624a13fd,2,5,5,1790700772660,1790700772959,5.6444399999999995,0.06003,207.474141,256.252966
resume_write,False,319.35887500000536,7701cf0f-ce5c-4aef-b8e1-e21d4a0be000,live-1790700541150-increment-10,host.v3.cfg.mwzMSMFtQBExQlrglWhKVdh8anVT8PtqLYaIyFo_uE4.4b48ef73-517a-4ee3-8a64-3f818c08ff9f,2,7,7,1790700774488,1790700774807,9.590421,0.06032,215.195855,266.908149
resume_read,False,389.4177079999936,388efc96-05ad-4a39-a07c-e1be7ee053db,live-1790700541150-read-10,host.v3.cfg.mwzMSMFtQBExQlrglWhKVdh8anVT8PtqLYaIyFo_uE4.dc03845e-c175-4a3b-8528-c5623bf9f3ac,2,5,5,1790700776329,1790700776718,4.983071000000001,0.07288,217.948017,338.902668
resume_write,False,332.2394170000043,09b60359-7123-45aa-85fb-8fa99fcc8601,live-1790700541150-increment-11,host.v3.cfg.mwzMSMFtQBExQlrglWhKVdh8anVT8PtqLYaIyFo_uE4.b1d2c32d-f4b5-40c9-a2ab-9aabd82ae449,2,7,7,1790700778273,1790700778605,8.363150999999998,0.0886,223.18216199999998,270.083038
resume_read,False,307.48529099998996,6ee34db8-555d-49a3-84bb-f7f2c0375522,live-1790700541150-read-11,host.v3.cfg.mwzMSMFtQBExQlrglWhKVdh8anVT8PtqLYaIyFo_uE4.bd556cdf-a076-4b59-82c5-626fea103aa7,2,5,5,1790700780141,1790700780448,4.39131,0.1037,217.19728899999998,264.865921
resume_write,False,335.25887499999953,6f90ee01-e3db-4809-856f-0d476c94e66e,live-1790700541150-increment-12,host.v3.cfg.mwzMSMFtQBExQlrglWhKVdh8anVT8PtqLYaIyFo_uE4.b175f78b-c4b2-43ec-9dd0-35d7c0ea3982,2,7,7,1790700782014,1790700782349,9.751781,0.07418,245.982144,287.30087100000003
resume_read,False,399.43383300001733,1a3c3a9d-9fe0-455a-9add-d06772f46370,live-1790700541150-read-12,host.v3.cfg.mwzMSMFtQBExQlrglWhKVdh8anVT8PtqLYaIyFo_uE4.447b2d55-1bf9-4ecb-9767-1dab011030da,2,5,5,1790700783839,1790700784238,4.14504,0.08697,221.12457,299.79456999999996
resume_write,False,303.93183300000965,1fd42ba6-37cd-4815-a397-554028314777,live-1790700541150-increment-13,host.v3.cfg.mwzMSMFtQBExQlrglWhKVdh8anVT8PtqLYaIyFo_uE4.f458c4a0-1003-47fb-9991-8b787381fdb2,2,7,7,1790700785755,1790700786059,9.145061,0.11709,213.349632,255.708756
resume_read,False,303.2225840000028,2f9e96d8-1701-4b52-8c78-6a8e1931a169,live-1790700541150-read-13,host.v3.cfg.mwzMSMFtQBExQlrglWhKVdh8anVT8PtqLYaIyFo_uE4.59de7e0c-c04d-4563-b249-3edf0f869c37,2,5,5,1790700787655,1790700787958,3.786071,0.08632100000000001,207.325587,258.437611
resume_write,False,290.4384580000187,505fdf98-b44d-4857-ae7c-80bc0bbc93c3,live-1790700541150-increment-14,host.v3.cfg.mwzMSMFtQBExQlrglWhKVdh8anVT8PtqLYaIyFo_uE4.9583db43-c59d-4dc6-9d7d-1fbfd1b8c75d,2,7,7,1790700789547,1790700789837,8.482862,0.09025,194.874776,246.259162
resume_read,False,332.37450000000536,a98a7875-55f9-48f4-8ded-ca077e9eab46,live-1790700541150-read-14,host.v3.cfg.mwzMSMFtQBExQlrglWhKVdh8anVT8PtqLYaIyFo_uE4.6a8cf0fb-b9a4-4a04-98fe-adf73870f113,2,5,5,1790700791382,1790700791715,3.87237,0.04758,202.154641,245.368257
resume_write,False,281.5254589999968,1e436b00-570d-4abf-8a65-63850a4a3c6a,live-1790700541150-increment-15,host.v3.cfg.mwzMSMFtQBExQlrglWhKVdh8anVT8PtqLYaIyFo_uE4.434087e2-50d8-4338-8201-5cf675d13a18,2,7,7,1790700793248,1790700793529,10.337159,0.05988,193.614084,235.254639
resume_read,False,310.846790999989,aa8000bd-256a-4d77-a086-2eb664b1b901,live-1790700541150-read-15,host.v3.cfg.mwzMSMFtQBExQlrglWhKVdh8anVT8PtqLYaIyFo_uE4.ce060cc0-3956-434a-9f90-3ad86dd25c4a,2,5,5,1790700795038,1790700795349,3.8929,0.08961000000000001,228.536875,267.371149
resume_write,False,269.6485419999808,093ae151-966a-473a-a67f-ad738a72e995,live-1790700541150-increment-16,host.v3.cfg.mwzMSMFtQBExQlrglWhKVdh8anVT8PtqLYaIyFo_uE4.e002197e-6591-468a-8376-fcc7f53a50ee,2,7,7,1790700796952,1790700797222,10.36601,0.07490000000000001,185.44879699999998,222.073681
resume_read,False,333.84691700001713,9e872084-5c36-490d-a506-d6a74fa83771,live-1790700541150-read-16,host.v3.cfg.mwzMSMFtQBExQlrglWhKVdh8anVT8PtqLYaIyFo_uE4.ccacea51-ee60-436b-9beb-c385a1c1691a,2,5,5,1790700798728,1790700799062,4.603142,0.09421,244.99711299999998,289.518469
resume_write,False,313.3131660000072,b89e19ad-1dfa-4256-bd7f-20dbe57b8823,live-1790700541150-increment-17,host.v3.cfg.mwzMSMFtQBExQlrglWhKVdh8anVT8PtqLYaIyFo_uE4.08bd3011-ab95-4ad8-8276-78cb19a8b073,2,7,7,1790700800636,1790700800950,10.775699,0.05668,213.258818,261.155103
resume_read,False,282.3071250000212,247f3efb-ebcd-4e4f-872e-6ee59a5e8e92,live-1790700541150-read-17,host.v3.cfg.mwzMSMFtQBExQlrglWhKVdh8anVT8PtqLYaIyFo_uE4.fad55e04-6e38-44ef-bd60-8973133bbfff,2,5,5,1790700802593,1790700802875,3.886061,0.07679,187.227343,235.981213
resume_write,False,310.4147089999751,0e9afc29-3cda-4002-9eb6-3e7c07991826,live-1790700541150-increment-18,host.v3.cfg.mwzMSMFtQBExQlrglWhKVdh8anVT8PtqLYaIyFo_uE4.d7fe33fb-36f0-4519-93fc-3191991d86ab,2,7,7,1790700804473,1790700804784,8.247882,0.06571,222.542306,264.726349
resume_read,False,324.55970799998613,e060d8b2-365c-43a3-be81-ea404946b41a,live-1790700541150-read-18,host.v3.cfg.mwzMSMFtQBExQlrglWhKVdh8anVT8PtqLYaIyFo_uE4.debf7c95-3ee6-4a2b-a1ff-e973fed856f1,2,5,5,1790700806341,1790700806665,5.596102,0.07834999999999999,239.788465,281.23538399999995
resume_write,False,312.5734170000069,6af4c892-f542-4367-8769-33f4072ac0b9,live-1790700541150-increment-19,host.v3.cfg.mwzMSMFtQBExQlrglWhKVdh8anVT8PtqLYaIyFo_uE4.25d8fc42-cd93-484e-a1cf-4b7966b1b1c1,2,7,7,1790700808187,1790700808499,9.77203,0.10645,224.84561,265.49802500000004
resume_read,False,319.27691600000253,2d7394c7-245a-4fcc-a926-40ec802ec8b0,live-1790700541150-read-19,host.v3.cfg.mwzMSMFtQBExQlrglWhKVdh8anVT8PtqLYaIyFo_uE4.044cdc79-462d-4481-95b7-cb446fe4f948,2,5,5,1790700810310,1790700810629,4.663061,0.09585,231.831103,275.767792
resume_write,False,337.132249999966,5d3950a8-d4a3-4512-b947-008a157ea7a1,live-1790700541150-increment-20,host.v3.cfg.mwzMSMFtQBExQlrglWhKVdh8anVT8PtqLYaIyFo_uE4.914be92d-f69a-4fa1-9f23-783e969af13f,2,7,7,1790700812349,1790700812686,7.909942,0.06496,236.02517,278.567329
resume_read,False,316.89816600002814,25274611-0817-46c1-9b40-ed99720a94f9,live-1790700541150-read-20,host.v3.cfg.mwzMSMFtQBExQlrglWhKVdh8anVT8PtqLYaIyFo_uE4.4b02c609-5a69-4be9-a2c2-01a9a0da40e8,2,5,5,1790700814426,1790700814743,3.62784,0.05528,191.00323999999998,234.83649300000002
resume_write,False,300.0998749999562,a5410c91-0fda-417a-9108-44c3fd428fa4,live-1790700541150-increment-21,host.v3.cfg.mwzMSMFtQBExQlrglWhKVdh8anVT8PtqLYaIyFo_uE4.8175c7db-63b8-4cb8-b44e-7b19cb65f2c9,2,7,7,1790700816364,1790700816664,8.454450000000001,0.05223,209.09809800000002,253.916572
resume_read,False,339.0779160000384,e7046c69-a6de-4681-be58-adf0d4d014e0,live-1790700541150-read-21,host.v3.cfg.mwzMSMFtQBExQlrglWhKVdh8anVT8PtqLYaIyFo_uE4.79500f04-d4cc-4057-9360-9eccfb50e983,2,5,5,1790700818373,1790700818712,4.012229,0.053949,235.823797,287.00223800000003
